id,date,route_id,origin,destination,cargo_type,freight_rate_usd_per_ton,bunker_fuel_price_usd,cargo_demand_index,vessel_availability_index,port_congestion_days,created_at,target_rate_30d,rate_lag_1,rate_lag_7,rate_lag_14,rate_roll_7_mean,rate_roll_14_mean,rate_roll_7_std,demand_vessel_ratio,fuel_price_lag_1,month,month_sin,month_cos
1,2024-09-09,1,"Paradip, India","Qingdao, China",Iron Ore,43.35,617.16,108.6,85.5,2.9,2026-09-09 06:56:12.007816+00:00,36.92,,,,,,,1.2701752900379777,,9,-1.0,-1.8369701987210297e-16
2,2024-09-10,1,"Paradip, India","Qingdao, China",Iron Ore,38.91,613.58,102.7,113.1,4.1,2026-09-09 06:56:12.007816+00:00,42.03,43.35,,,,,,0.9080458967245008,617.16,9,-1.0,-1.8369701987210297e-16
3,2024-09-11,1,"Paradip, India","Qingdao, China",Iron Ore,44.64,609.68,112.3,88.6,3.2,2026-09-09 06:56:12.007816+00:00,37.98,38.91,,,,,,1.2674942136011045,613.58,9,-1.0,-1.8369701987210297e-16
4,2024-09-12,1,"Paradip, India","Qingdao, China",Iron Ore,42.05,611.22,92.3,99.4,4.2,2026-09-09 06:56:12.007816+00:00,38.92,44.64,,,,,,0.9285713351537891,609.68,9,-1.0,-1.8369701987210297e-16
5,2024-09-13,1,"Paradip, India","Qingdao, China",Iron Ore,42.37,607.63,107.9,112.2,4.3,2026-09-09 06:56:12.007816+00:00,42.26,42.05,,,,,,0.9616754936118098,611.22,9,-1.0,-1.8369701987210297e-16
6,2024-09-14,1,"Paradip, India","Qingdao, China",Iron Ore,41.18,603.73,109.7,93.8,1.4,2026-09-09 06:56:12.007816+00:00,37.12,42.37,,,,,,1.169509470201549,607.63,9,-1.0,-1.8369701987210297e-16
7,2024-09-15,1,"Paradip, India","Qingdao, China",Iron Ore,41.8,604.51,105.0,94.6,4.0,2026-09-09 06:56:12.007816+00:00,38.67,41.18,,,42.042857142857144,,1.7878824932091628,1.109936457723419,603.73,9,-1.0,-1.8369701987210297e-16
8,2024-09-16,1,"Paradip, India","Qingdao, China",Iron Ore,42.73,600.99,99.2,90.7,2.5,2026-09-09 06:56:12.007816+00:00,40.04,41.8,43.35,,41.95428571428572,,1.7266427650487632,1.0937154251691923,604.51,9,-1.0,-1.8369701987210297e-16
9,2024-09-17,1,"Paradip, India","Qingdao, China",Iron Ore,39.97,603.02,95.7,90.5,1.4,2026-09-09 06:56:12.007816+00:00,39.14,42.73,38.91,,42.105714285714285,,1.4374150078393861,1.0574584466896744,600.99,9,-1.0,-1.8369701987210297e-16
10,2024-09-18,1,"Paradip, India","Qingdao, China",Iron Ore,39.39,604.92,102.5,108.9,4.4,2026-09-09 06:56:12.007816+00:00,39.42,39.97,44.64,,41.355714285714285,,1.252462336664016,0.9412304002543249,603.02,9,-1.0,-1.8369701987210297e-16
11,2024-09-19,1,"Paradip, India","Qingdao, China",Iron Ore,39.83,605.36,102.7,109.6,3.8,2026-09-09 06:56:12.007816+00:00,42.79,39.39,42.05,,41.03857142857142,,1.3262532258387154,0.9370437101237491,604.92,9,-1.0,-1.8369701987210297e-16
12,2024-09-20,1,"Paradip, India","Qingdao, China",Iron Ore,44.37,608.34,103.9,95.8,5.3,2026-09-09 06:56:12.007816+00:00,41.89,39.83,42.37,,41.324285714285715,,1.7938771524536512,1.0845510350155496,605.36,9,-1.0,-1.8369701987210297e-16
13,2024-09-21,1,"Paradip, India","Qingdao, China",Iron Ore,41.08,608.58,105.9,107.0,4.4,2026-09-09 06:56:12.007816+00:00,39.32,44.37,41.18,,41.309999999999995,,1.7956150292680542,0.9897195336710717,608.34,9,-1.0,-1.8369701987210297e-16
14,2024-09-22,1,"Paradip, India","Qingdao, China",Iron Ore,41.24,612.72,107.7,100.4,4.1,2026-09-09 06:56:12.007816+00:00,43.84,41.08,41.8,,41.230000000000004,41.63642857142857,1.7825730466566154,1.072709056503082,608.58,9,-1.0,-1.8369701987210297e-16
15,2024-09-23,1,"Paradip, India","Qingdao, China",Iron Ore,44.35,612.54,107.6,99.4,4.9,2026-09-09 06:56:12.007816+00:00,39.26,41.24,42.73,43.35,41.46142857142856,41.707857142857144,2.0886552976451,1.0824948609160099,612.72,9,-1.0,-1.8369701987210297e-16
16,2024-09-24,1,"Paradip, India","Qingdao, China",Iron Ore,40.44,613.02,95.6,109.4,3.7,2026-09-09 06:56:12.007816+00:00,41.2,44.35,39.97,38.91,41.528571428571425,41.817142857142855,2.0397011919349715,0.8738573241446687,612.54,9,-1.0,-1.8369701987210297e-16
17,2024-09-25,1,"Paradip, India","Qingdao, China",Iron Ore,40.81,610.82,107.8,104.3,3.7,2026-09-09 06:56:12.007816+00:00,38.29,40.44,39.39,44.64,41.73142857142857,41.54357142857143,1.8536938669534797,1.0335569478852398,613.02,9,-1.0,-1.8369701987210297e-16
18,2024-09-26,1,"Paradip, India","Qingdao, China",Iron Ore,43.15,608.26,101.6,89.8,3.1,2026-09-09 06:56:12.007816+00:00,42.94,40.81,39.83,42.05,42.205714285714286,41.622142857142855,1.7048641895358985,1.1314029920486646,610.82,9,-1.0,-1.8369701987210297e-16
19,2024-09-27,1,"Paradip, India","Qingdao, China",Iron Ore,42.27,609.09,91.5,91.2,4.9,2026-09-09 06:56:12.007816+00:00,40.42,43.15,44.37,42.37,41.90571428571429,41.614999999999995,1.421816410357504,1.0032893636744118,608.26,9,-1.0,-1.8369701987210297e-16
20,2024-09-28,1,"Paradip, India","Qingdao, China",Iron Ore,43.67,606.73,110.3,97.8,4.7,2026-09-09 06:56:12.007816+00:00,41.91,42.27,41.08,41.18,42.27571428571429,41.792857142857144,1.5056544218695191,1.127811745622521,609.09,9,-1.0,-1.8369701987210297e-16
21,2024-09-29,1,"Paradip, India","Qingdao, China",Iron Ore,39.87,605.79,101.1,95.2,2.2,2026-09-09 06:56:12.007816+00:00,42.18,43.67,41.24,41.8,42.08,41.65500000000001,1.734387499954954,1.0619746783640043,606.73,9,-1.0,-1.8369701987210297e-16
22,2024-09-30,1,"Paradip, India","Qingdao, China",Iron Ore,39.31,605.91,92.7,93.3,3.2,2026-09-09 06:56:12.007816+00:00,38.81,39.87,44.35,42.73,41.36,41.410714285714285,1.6802678357928467,0.9935690253409405,605.79,9,-1.0,-1.8369701987210297e-16
23,2024-10-01,1,"Paradip, India","Qingdao, China",Iron Ore,42.72,603.43,111.8,92.5,1.5,2026-09-09 06:56:12.007816+00:00,43.89,39.31,40.44,39.97,41.68571428571429,41.607142857142854,1.693141627693488,1.208648517983944,605.91,10,-0.8660254037844386,0.5000000000000001
24,2024-10-02,1,"Paradip, India","Qingdao, China",Iron Ore,41.65,599.57,114.4,110.7,5.4,2026-09-09 06:56:12.007816+00:00,37.87,42.72,40.81,39.39,41.80571428571428,41.76857142857143,1.6499480511302644,1.0334235742164792,603.43,10,-0.8660254037844386,0.5000000000000001
25,2024-10-03,1,"Paradip, India","Qingdao, China",Iron Ore,36.7,595.59,85.9,105.5,1.7,2026-09-09 06:56:12.007816+00:00,41.85,41.65,43.15,39.83,40.88428571428572,41.545,2.403191330591163,0.8142179323016179,599.57,10,-0.8660254037844386,0.5000000000000001
26,2024-10-04,1,"Paradip, India","Qingdao, China",Iron Ore,42.1,594.71,89.3,86.3,3.1,2026-09-09 06:56:12.007816+00:00,44.95,36.7,42.27,44.37,40.86,41.382857142857134,2.387662734419014,1.0347623366439933,595.59,10,-0.8660254037844386,0.5000000000000001
27,2024-10-05,1,"Paradip, India","Qingdao, China",Iron Ore,45.67,594.74,107.2,89.8,5.0,2026-09-09 06:56:12.007816+00:00,41.26,42.1,43.67,41.08,41.145714285714284,41.71071428571429,2.8540664389770596,1.1937637868859925,594.71,10,-0.8660254037844386,0.5000000000000001
28,2024-10-06,1,"Paradip, India","Qingdao, China",Iron Ore,44.27,592.24,108.9,93.9,4.7,2026-09-09 06:56:12.007816+00:00,41.85,45.67,39.87,41.24,41.77428571428572,41.92714285714286,3.006719458938908,1.1597442854372433,594.74,10,-0.8660254037844386,0.5000000000000001
29,2024-10-07,1,"Paradip, India","Qingdao, China",Iron Ore,37.83,594.53,91.1,108.5,4.3,2026-09-09 06:56:12.007816+00:00,45.43,44.27,39.31,44.35,41.56285714285714,41.46142857142858,3.2509983814499894,0.8396312590201603,592.24,10,-0.8660254037844386,0.5000000000000001
30,2024-10-08,1,"Paradip, India","Qingdao, China",Iron Ore,42.57,597.61,99.8,95.0,4.3,2026-09-09 06:56:12.007816+00:00,40.99,37.83,42.72,40.44,41.541428571428575,41.61357142857143,3.2425834791177843,1.0505262052077677,594.53,10,-0.8660254037844386,0.5000000000000001
31,2024-10-09,1,"Paradip, India","Qingdao, China",Iron Ore,36.92,595.72,94.4,114.7,2.7,2026-09-09 06:56:12.007816+00:00,40.38,42.57,41.65,40.81,40.86571428571428,41.33571428571429,3.679578133168963,0.8230164931982134,597.61,10,-0.8660254037844386,0.5000000000000001
32,2024-10-10,1,"Paradip, India","Qingdao, China",Iron Ore,42.03,596.69,109.3,90.9,3.5,2026-09-09 06:56:12.007816+00:00,38.83,36.92,36.7,43.15,41.62714285714286,41.25571428571429,3.1932152776666634,1.2024201097447622,595.72,10,-0.8660254037844386,0.5000000000000001
33,2024-10-11,1,"Paradip, India","Qingdao, China",Iron Ore,37.98,599.98,98.2,114.2,4.8,2026-09-09 06:56:12.007816+00:00,42.01,42.03,42.1,42.27,41.03857142857142,40.94928571428572,3.46007913479556,0.8598948458936212,596.69,10,-0.8660254037844386,0.5000000000000001
34,2024-10-12,1,"Paradip, India","Qingdao, China",Iron Ore,38.92,603.77,86.6,100.3,3.1,2026-09-09 06:56:12.007816+00:00,42.82,37.98,45.67,43.67,40.074285714285715,40.61,2.839077650357922,0.8634096846052158,599.98,10,-0.8660254037844386,0.5000000000000001
35,2024-10-13,1,"Paradip, India","Qingdao, China",Iron Ore,42.26,600.53,114.0,112.6,5.3,2026-09-09 06:56:12.007816+00:00,40.9,38.92,44.27,39.87,39.787142857142854,40.78071428571428,2.4137917217917573,1.0124333026258168,603.77,10,-0.8660254037844386,0.5000000000000001
36,2024-10-14,1,"Paradip, India","Qingdao, China",Iron Ore,37.12,603.1,91.3,109.3,2.1,2026-09-09 06:56:12.007816+00:00,38.87,42.26,37.83,39.31,39.68571428571429,40.62428571428571,2.522220299279026,0.8353155685896094,600.53,10,-0.8660254037844386,0.5000000000000001
37,2024-10-15,1,"Paradip, India","Qingdao, China",Iron Ore,38.67,603.77,88.8,100.6,2.5,2026-09-09 06:56:12.007816+00:00,41.25,37.12,42.57,42.72,39.128571428571426,40.334999999999994,2.187437073924846,0.8827036895920786,603.1,10,-0.8660254037844386,0.5000000000000001
38,2024-10-16,1,"Paradip, India","Qingdao, China",Iron Ore,40.04,601.89,101.6,103.5,3.6,2026-09-09 06:56:12.007816+00:00,42.55,38.67,36.92,41.65,39.574285714285715,40.220000000000006,1.969414948175011,0.9816424172326166,603.77,10,-0.8660254037844386,0.5000000000000001
39,2024-10-17,1,"Paradip, India","Qingdao, China",Iron Ore,39.14,599.64,89.3,89.9,1.3,2026-09-09 06:56:12.007816+00:00,41.59,40.04,42.03,36.7,39.16142857142857,40.394285714285715,1.64501700671479,0.9933258071940146,601.89,10,-0.8660254037844386,0.5000000000000001
40,2024-10-18,1,"Paradip, India","Qingdao, China",Iron Ore,39.42,598.85,88.7,93.7,1.6,2026-09-09 06:56:12.007816+00:00,40.82,39.14,37.98,42.1,39.36714285714286,40.20285714285715,1.5605203649820616,0.9466381060151434,599.64,10,-0.8660254037844386,0.5000000000000001
41,2024-10-19,1,"Paradip, India","Qingdao, China",Iron Ore,42.79,600.12,112.3,109.4,4.6,2026-09-09 06:56:12.007816+00:00,38.79,39.42,38.92,45.67,39.92,39.99714285714286,1.999491602049533,1.0265081328603167,598.85,10,-0.8660254037844386,0.5000000000000001
42,2024-10-20,1,"Paradip, India","Qingdao, China",Iron Ore,41.89,600.9,111.1,98.8,3.4,2026-09-09 06:56:12.007816+00:00,42.62,42.79,42.26,44.27,39.86714285714286,39.82714285714286,1.9310421563300355,1.1244938133103428,600.12,10,-0.8660254037844386,0.5000000000000001
43,2024-10-21,1,"Paradip, India","Qingdao, China",Iron Ore,39.32,601.79,105.8,108.1,1.6,2026-09-09 06:56:12.007816+00:00,42.38,41.89,37.12,37.83,40.18142857142857,39.933571428571426,1.5510580106433467,0.9787233137166222,600.9,10,-0.8660254037844386,0.5000000000000001
44,2024-10-22,1,"Paradip, India","Qingdao, China",Iron Ore,43.84,603.98,113.3,105.4,4.0,2026-09-09 06:56:12.007816+00:00,41.92,39.32,38.67,42.57,40.92,40.02428571428572,1.9024983574237204,1.0749524596819298,601.79,10,-0.8660254037844386,0.5000000000000001
45,2024-10-23,1,"Paradip, India","Qingdao, China",Iron Ore,39.26,606.03,91.3,93.1,3.0,2026-09-09 06:56:12.007816+00:00,37.64,43.84,40.04,36.92,40.80857142857143,40.19142857142857,1.9837374538265495,0.9806658452560854,603.98,10,-0.8660254037844386,0.5000000000000001
46,2024-10-24,1,"Paradip, India","Qingdao, China",Iron Ore,41.2,603.78,97.6,88.1,1.3,2026-09-09 06:56:12.007816+00:00,42.08,39.26,39.14,42.03,41.10285714285715,40.13214285714286,1.8427399372104663,1.107831883333498,606.03,10,-0.8660254037844386,0.5000000000000001
47,2024-10-25,1,"Paradip, India","Qingdao, China",Iron Ore,38.29,606.91,91.3,113.9,3.1,2026-09-09 06:56:12.007816+00:00,44.54,41.2,39.42,37.98,40.941428571428574,40.15428571428571,2.0523111246545707,0.8015802632501963,603.78,10,-0.8660254037844386,0.5000000000000001
48,2024-10-26,1,"Paradip, India","Qingdao, China",Iron Ore,42.94,610.17,106.2,88.6,2.9,2026-09-09 06:56:12.007816+00:00,38.1,38.29,42.79,38.92,40.962857142857146,40.441428571428574,2.07548158496378,1.1986454629068326,606.91,10,-0.8660254037844386,0.5000000000000001
49,2024-10-27,1,"Paradip, India","Qingdao, China",Iron Ore,40.42,610.07,92.3,103.7,3.3,2026-09-09 06:56:12.007816+00:00,39.8,42.94,41.89,42.26,40.75285714285714,40.31,2.040103872238804,0.8900674165798055,610.17,10,-0.8660254037844386,0.5000000000000001
50,2024-10-28,1,"Paradip, India","Qingdao, China",Iron Ore,41.91,609.94,114.7,102.4,3.2,2026-09-09 06:56:12.007816+00:00,42.31,40.42,39.32,37.12,41.12285714285714,40.652142857142856,1.9706066264453779,1.1201170781135665,610.07,10,-0.8660254037844386,0.5000000000000001
51,2024-10-29,1,"Paradip, India","Qingdao, China",Iron Ore,42.18,607.3,86.7,88.6,4.5,2026-09-09 06:56:12.007816+00:00,41.14,41.91,43.84,38.67,40.885714285714286,40.90285714285715,1.6653714014482939,0.9785551942939962,609.94,10,-0.8660254037844386,0.5000000000000001
52,2024-10-30,1,"Paradip, India","Qingdao, China",Iron Ore,38.81,604.3,89.8,111.1,3.7,2026-09-09 06:56:12.007816+00:00,41.76,42.18,39.26,40.04,40.82142857142857,40.815,1.7453502854864311,0.808280755330265,607.3,10,-0.8660254037844386,0.5000000000000001
53,2024-10-31,1,"Paradip, India","Qingdao, China",Iron Ore,43.89,604.73,102.6,85.7,4.2,2026-09-09 06:56:12.007816+00:00,42.11,38.81,41.2,39.14,41.205714285714286,41.15428571428571,2.1022436993432816,1.197199393558997,604.3,10,-0.8660254037844386,0.5000000000000001
54,2024-11-01,1,"Paradip, India","Qingdao, China",Iron Ore,37.87,606.71,87.1,109.6,4.7,2026-09-09 06:56:12.007816+00:00,39.36,43.89,38.29,39.42,41.145714285714284,41.04357142857143,2.202913655009776,0.7947079566872302,604.73,11,-0.5000000000000004,0.8660254037844384
55,2024-11-02,1,"Paradip, India","Qingdao, China",Iron Ore,41.85,604.43,93.1,91.0,3.1,2026-09-09 06:56:12.007816+00:00,43.5,37.87,42.94,42.79,40.99,40.97642857142857,2.090605972758447,1.0230768106508998,606.71,11,-0.5000000000000004,0.8660254037844384
56,2024-11-03,1,"Paradip, India","Qingdao, China",Iron Ore,44.95,607.84,91.7,85.5,5.4,2026-09-09 06:56:12.007816+00:00,42.2,41.85,40.42,41.89,41.637142857142855,41.195,2.538009156049372,1.0725144944427492,604.43,11,-0.5000000000000004,0.8660254037844384
57,2024-11-04,1,"Paradip, India","Qingdao, China",Iron Ore,41.26,606.95,106.6,95.6,1.6,2026-09-09 06:56:12.007816+00:00,42.71,44.95,41.91,39.32,41.544285714285714,41.33357142857143,2.5382530550417037,1.1150626448679242,607.84,11,-0.5000000000000004,0.8660254037844384
58,2024-11-05,1,"Paradip, India","Qingdao, China",Iron Ore,41.85,606.95,95.2,93.2,4.6,2026-09-09 06:56:12.007816+00:00,39.9,41.26,42.18,43.84,41.49714285714286,41.19142857142857,2.527519958943374,1.0214591178691934,606.95,11,-0.5000000000000004,0.8660254037844384
59,2024-11-06,1,"Paradip, India","Qingdao, China",Iron Ore,45.43,605.37,114.7,98.7,5.4,2026-09-09 06:56:12.007816+00:00,43.61,41.85,38.81,39.26,42.44285714285714,41.63214285714286,2.5921722826342246,1.1621072784085837,606.95,11,-0.5000000000000004,0.8660254037844384
60,2024-11-07,1,"Paradip, India","Qingdao, China",Iron Ore,40.99,603.2,103.0,93.6,1.7,2026-09-09 06:56:12.007816+00:00,44.62,45.43,43.89,41.2,42.028571428571425,41.61714285714286,2.5537973593025995,1.1004272328603384,605.37,11,-0.5000000000000004,0.8660254037844384
61,2024-11-08,1,"Paradip, India","Qingdao, China",Iron Ore,40.38,602.36,95.2,93.7,2.4,2026-09-09 06:56:12.007816+00:00,41.03,40.99,37.87,38.29,42.387142857142855,41.76642857142857,1.9855873546276224,1.01600842945481,603.2,11,-0.5000000000000004,0.8660254037844384
62,2024-11-09,1,"Paradip, India","Qingdao, China",Iron Ore,38.83,598.85,99.7,105.4,1.4,2026-09-09 06:56:12.007816+00:00,40.98,40.38,41.85,42.94,41.955714285714286,41.47285714285714,2.405451150635826,0.9459202138595622,602.36,11,-0.5000000000000004,0.8660254037844384
63,2024-11-10,1,"Paradip, India","Qingdao, China",Iron Ore,42.01,601.97,111.6,104.0,3.8,2026-09-09 06:56:12.007816+00:00,40.96,38.83,44.95,40.42,41.535714285714285,41.58642857142858,2.0215328931519303,1.0730768198964595,598.85,11,-0.5000000000000004,0.8660254037844384
64,2024-11-11,1,"Paradip, India","Qingdao, China",Iron Ore,42.82,599.02,100.1,90.3,2.5,2026-09-09 06:56:12.007816+00:00,40.51,42.01,41.26,41.91,41.75857142857143,41.651428571428575,2.0714441707130145,1.1085270090224795,601.97,11,-0.5000000000000004,0.8660254037844384
65,2024-11-12,1,"Paradip, India","Qingdao, China",Iron Ore,40.9,599.34,112.7,105.6,3.9,2026-09-09 06:56:12.007816+00:00,42.77,42.82,41.85,42.18,41.62285714285714,41.559999999999995,2.0954372199751345,1.067234747420952,599.02,11,-0.5000000000000004,0.8660254037844384
66,2024-11-13,1,"Paradip, India","Qingdao, China",Iron Ore,38.87,603.21,92.2,98.4,1.8,2026-09-09 06:56:12.007816+00:00,42.81,40.9,45.43,38.81,40.685714285714276,41.56428571428571,1.487804390624614,0.9369917746959578,599.34,11,-0.5000000000000004,0.8660254037844384
67,2024-11-14,1,"Paradip, India","Qingdao, China",Iron Ore,41.25,606.95,107.1,104.8,4.4,2026-09-09 06:56:12.007816+00:00,36.77,38.87,40.99,43.89,40.722857142857144,41.37571428571429,1.4998634858514457,1.0219464673715202,603.21,11,-0.5000000000000004,0.8660254037844384
68,2024-11-15,1,"Paradip, India","Qingdao, China",Iron Ore,42.55,608.58,109.7,90.8,1.1,2026-09-09 06:56:12.007816+00:00,43.71,41.25,40.38,37.87,41.03285714285715,41.71,1.6353258012366976,1.2081496466795543,606.95,11,-0.5000000000000004,0.8660254037844384
69,2024-11-16,1,"Paradip, India","Qingdao, China",Iron Ore,41.59,605.96,100.4,88.9,3.6,2026-09-09 06:56:12.007816+00:00,41.57,42.55,38.83,41.85,41.42714285714286,41.69142857142857,1.3175319640109084,1.1293587031092571,608.58,11,-0.5000000000000004,0.8660254037844384
70,2024-11-17,1,"Paradip, India","Qingdao, China",Iron Ore,40.82,603.4,93.7,91.7,3.7,2026-09-09 06:56:12.007816+00:00,42.12,41.59,42.01,44.95,41.25714285714286,41.396428571428565,1.3065184561231593,1.0218101393882073,605.96,11,-0.5000000000000004,0.8660254037844384
71,2024-11-18,1,"Paradip, India","Qingdao, China",Iron Ore,38.79,607.43,85.2,96.5,2.8,2026-09-09 06:56:12.007816+00:00,40.95,40.82,42.82,41.26,40.68142857142857,41.21999999999999,1.38840950457022,0.8829014629117655,603.4,11,-0.5000000000000004,0.8660254037844384
72,2024-11-19,1,"Paradip, India","Qingdao, China",Iron Ore,42.62,608.69,102.9,102.1,3.7,2026-09-09 06:56:12.007816+00:00,40.58,38.79,40.9,41.85,40.92714285714286,41.275,1.5734115194454938,1.0078353567252345,607.43,11,-0.5000000000000004,0.8660254037844384
73,2024-11-20,1,"Paradip, India","Qingdao, China",Iron Ore,42.38,608.49,103.6,107.7,4.2,2026-09-09 06:56:12.007816+00:00,39.84,42.62,38.87,45.43,41.42857142857143,41.05714285714286,1.3523242778198268,0.9619312013062951,608.69,11,-0.5000000000000004,0.8660254037844384
74,2024-11-21,1,"Paradip, India","Qingdao, China",Iron Ore,41.92,606.28,108.1,111.2,5.0,2026-09-09 06:56:12.007816+00:00,36.54,42.38,41.25,40.99,41.52428571428572,41.12357142857143,1.3612599205987572,0.9721222147372108,608.49,11,-0.5000000000000004,0.8660254037844384
75,2024-11-22,1,"Paradip, India","Qingdao, China",Iron Ore,37.64,606.24,106.1,113.9,2.6,2026-09-09 06:56:12.007816+00:00,41.1,41.92,42.55,40.38,40.82285714285714,40.92785714285714,1.9021804531091278,0.931518794423284,606.28,11,-0.5000000000000004,0.8660254037844384
76,2024-11-23,1,"Paradip, India","Qingdao, China",Iron Ore,42.08,608.1,104.8,92.4,3.9,2026-09-09 06:56:12.007816+00:00,40.78,37.64,41.59,38.83,40.892857142857146,41.160000000000004,1.943679622826366,1.1341990114503233,606.24,11,-0.5000000000000004,0.8660254037844384
77,2024-11-24,1,"Paradip, India","Qingdao, China",Iron Ore,44.54,610.87,106.8,85.4,2.1,2026-09-09 06:56:12.007816+00:00,40.63,42.08,40.82,42.01,41.42428571428571,41.340714285714284,2.3800130051665414,1.250585333655113,608.1,11,-0.5000000000000004,0.8660254037844384
78,2024-11-25,1,"Paradip, India","Qingdao, China",Iron Ore,38.1,608.82,89.0,104.5,4.0,2026-09-09 06:56:12.007816+00:00,42.93,44.54,38.79,42.82,41.325714285714284,41.003571428571426,2.517610356024512,0.8516745596483675,610.87,11,-0.5000000000000004,0.8660254037844384
79,2024-11-26,1,"Paradip, India","Qingdao, China",Iron Ore,39.8,611.38,89.2,94.6,3.7,2026-09-09 06:56:12.007816+00:00,44.77,38.1,42.62,40.9,40.92285714285714,40.925000000000004,2.5015576100083026,0.9429174478945616,608.82,11,-0.5000000000000004,0.8660254037844384
80,2024-11-27,1,"Paradip, India","Qingdao, China",Iron Ore,42.31,607.86,104.1,109.8,5.4,2026-09-09 06:56:12.007816+00:00,44.42,39.8,42.38,38.87,40.91285714285714,41.17071428571428,2.4948928787004965,0.9480873453472363,611.38,11,-0.5000000000000004,0.8660254037844384
81,2024-11-28,1,"Paradip, India","Qingdao, China",Iron Ore,41.14,610.76,103.2,93.9,1.2,2026-09-09 06:56:12.007816+00:00,40.34,42.31,41.92,41.25,40.80142857142857,41.16285714285714,2.4595828140250924,1.0990414165025115,607.86,11,-0.5000000000000004,0.8660254037844384
82,2024-11-29,1,"Paradip, India","Qingdao, China",Iron Ore,41.76,611.97,104.4,107.3,4.6,2026-09-09 06:56:12.007816+00:00,38.42,41.14,37.64,42.55,41.39,41.10642857142857,2.032920723163262,0.9729728822951648,610.76,11,-0.5000000000000004,0.8660254037844384
83,2024-11-30,1,"Paradip, India","Qingdao, China",Iron Ore,42.11,614.95,109.0,112.9,4.5,2026-09-09 06:56:12.007816+00:00,41.98,41.76,42.08,41.59,41.394285714285715,41.14357142857143,2.0346486768224166,0.9654560703759015,611.97,11,-0.5000000000000004,0.8660254037844384
84,2024-12-01,1,"Paradip, India","Qingdao, China",Iron Ore,39.36,618.63,99.3,112.7,1.8,2026-09-09 06:56:12.007816+00:00,43.53,42.11,44.54,40.82,40.65428571428571,41.03928571428571,1.5941754100773284,0.8811001880124056,614.95,12,-2.4492935982947064e-16,1.0
85,2024-12-02,1,"Paradip, India","Qingdao, China",Iron Ore,43.5,619.35,112.3,95.6,3.5,2026-09-09 06:56:12.007816+00:00,42.92,39.36,38.1,38.79,41.425714285714285,41.37571428571429,1.4523757220826883,1.1746860695935073,618.63,12,-2.4492935982947064e-16,1.0
86,2024-12-03,1,"Paradip, India","Qingdao, China",Iron Ore,42.2,618.86,106.1,107.3,4.9,2026-09-09 06:56:12.007816+00:00,43.17,43.5,39.8,42.62,41.76857142857143,41.34571428571429,1.2773726756044683,0.9888163104551434,619.35,12,-2.4492935982947064e-16,1.0
87,2024-12-04,1,"Paradip, India","Qingdao, China",Iron Ore,42.71,619.77,102.4,98.2,4.3,2026-09-09 06:56:12.007816+00:00,39.45,42.2,42.31,42.38,41.825714285714284,41.369285714285716,1.3140504447807688,1.0427697512454428,618.86,12,-2.4492935982947064e-16,1.0
88,2024-12-05,1,"Paradip, India","Qingdao, China",Iron Ore,39.9,617.3,88.9,105.0,4.1,2026-09-09 06:56:12.007816+00:00,40.12,42.71,41.14,41.92,41.64857142857143,41.225,1.4932562692700313,0.8466665860317537,619.77,12,-2.4492935982947064e-16,1.0
89,2024-12-06,1,"Paradip, India","Qingdao, China",Iron Ore,43.61,621.01,104.6,90.5,2.2,2026-09-09 06:56:12.007816+00:00,40.08,39.9,41.76,37.64,41.91285714285714,41.651428571428575,1.669567950955309,1.1558009772595603,617.3,12,-2.4492935982947064e-16,1.0
90,2024-12-07,1,"Paradip, India","Qingdao, China",Iron Ore,44.62,619.45,108.7,91.5,4.4,2026-09-09 06:56:12.007816+00:00,37.51,43.61,42.11,42.08,42.271428571428565,41.83285714285715,1.962756807583215,1.1879780122428403,621.01,12,-2.4492935982947064e-16,1.0
91,2024-12-08,1,"Paradip, India","Qingdao, China",Iron Ore,41.03,619.16,101.4,91.5,1.9,2026-09-09 06:56:12.007816+00:00,44.26,44.62,39.36,44.54,42.51,41.582142857142856,1.6217685819294023,1.1081966001970929,619.45,12,-2.4492935982947064e-16,1.0
92,2024-12-09,1,"Paradip, India","Qingdao, China",Iron Ore,40.98,617.42,97.9,98.6,1.6,2026-09-09 06:56:12.007816+00:00,46.5,41.03,43.5,38.1,42.15,41.78785714285714,1.6449113451287594,0.9929005078194212,619.16,12,-2.4492935982947064e-16,1.0
93,2024-12-10,1,"Paradip, India","Qingdao, China",Iron Ore,40.96,618.54,94.3,95.7,3.8,2026-09-09 06:56:12.007816+00:00,41.7,40.98,42.2,39.8,41.972857142857144,41.87071428571428,1.7043250304809174,0.9853708479236313,617.42,12,-2.4492935982947064e-16,1.0
94,2024-12-11,1,"Paradip, India","Qingdao, China",Iron Ore,40.51,615.17,87.2,101.2,4.5,2026-09-09 06:56:12.007816+00:00,38.93,40.96,42.71,42.31,41.65857142857143,41.74214285714286,1.74802201141202,0.8616599939071152,618.54,12,-2.4492935982947064e-16,1.0
95,2024-12-12,1,"Paradip, India","Qingdao, China",Iron Ore,42.77,614.91,90.9,85.3,4.8,2026-09-09 06:56:12.007816+00:00,41.5,40.51,39.9,41.14,42.06857142857143,41.85857142857144,1.5968451038576836,1.0656505198533974,615.17,12,-2.4492935982947064e-16,1.0
96,2024-12-13,1,"Paradip, India","Qingdao, China",Iron Ore,42.81,616.44,94.1,85.2,4.5,2026-09-09 06:56:12.007816+00:00,40.02,42.77,43.61,41.76,41.95428571428572,41.933571428571426,1.4934173020610182,1.1044599642652622,614.91,12,-2.4492935982947064e-16,1.0
97,2024-12-14,1,"Paradip, India","Qingdao, China",Iron Ore,36.77,616.92,87.4,113.9,3.3,2026-09-09 06:56:12.007816+00:00,41.52,42.81,44.62,42.11,40.832857142857144,41.55214285714286,2.014503365478398,0.7673397043599909,616.44,12,-2.4492935982947064e-16,1.0
98,2024-12-15,1,"Paradip, India","Qingdao, China",Iron Ore,43.71,613.69,94.9,85.4,3.3,2026-09-09 06:56:12.007816+00:00,39.86,36.77,41.03,39.36,41.215714285714284,41.862857142857145,2.2935551526168307,1.1112410876766876,616.92,12,-2.4492935982947064e-16,1.0
99,2024-12-16,1,"Paradip, India","Qingdao, China",Iron Ore,41.57,612.94,87.0,98.9,5.2,2026-09-09 06:56:12.007816+00:00,44.79,43.71,40.98,43.5,41.300000000000004,41.72500000000001,2.294290013635294,0.8796763519033011,613.69,12,-2.4492935982947064e-16,1.0
100,2024-12-17,1,"Paradip, India","Qingdao, China",Iron Ore,42.12,609.51,103.0,110.0,4.9,2026-09-09 06:56:12.007816+00:00,41.26,41.57,40.96,42.2,41.465714285714284,41.71928571428571,2.3074940024685953,0.9363635512396772,612.94,12,-2.4492935982947064e-16,1.0
101,2024-12-18,1,"Paradip, India","Qingdao, China",Iron Ore,40.95,611.98,113.8,105.9,3.6,2026-09-09 06:56:12.007816+00:00,38.62,42.12,40.51,42.71,41.528571428571425,41.59357142857142,2.282983636760073,1.074598576525158,609.51,12,-2.4492935982947064e-16,1.0
102,2024-12-19,1,"Paradip, India","Qingdao, China",Iron Ore,40.58,612.14,100.2,102.6,2.2,2026-09-09 06:56:12.007816+00:00,44.24,40.95,42.77,39.9,41.215714285714284,41.64214285714286,2.2340386235310574,0.9766080919485292,611.98,12,-2.4492935982947064e-16,1.0
103,2024-12-20,1,"Paradip, India","Qingdao, China",Iron Ore,39.84,614.05,93.5,100.8,3.0,2026-09-09 06:56:12.007816+00:00,39.64,40.58,42.81,43.61,40.791428571428575,41.37285714285714,2.1616461980893793,0.9275792730576118,612.14,12,-2.4492935982947064e-16,1.0
104,2024-12-21,1,"Paradip, India","Qingdao, China",Iron Ore,36.54,611.7,92.2,102.7,1.1,2026-09-09 06:56:12.007816+00:00,41.26,39.84,36.77,44.62,40.75857142857143,40.79571428571428,2.2335131413047336,0.8977603799649094,614.05,12,-2.4492935982947064e-16,1.0
105,2024-12-22,1,"Paradip, India","Qingdao, China",Iron Ore,41.1,614.38,110.2,98.7,1.4,2026-09-09 06:56:12.007816+00:00,38.71,36.54,43.71,41.03,40.385714285714286,40.800714285714285,1.8422799022122656,1.1165145778607317,611.7,12,-2.4492935982947064e-16,1.0
106,2024-12-23,1,"Paradip, India","Qingdao, China",Iron Ore,40.78,611.85,103.2,102.9,2.4,2026-09-09 06:56:12.007816+00:00,41.74,41.1,41.57,40.98,40.27285714285715,40.78642857142857,1.7808117464208495,1.0029153544299947,614.38,12,-2.4492935982947064e-16,1.0
107,2024-12-24,1,"Paradip, India","Qingdao, China",Iron Ore,40.63,614.08,89.0,110.1,5.3,2026-09-09 06:56:12.007816+00:00,37.08,40.78,42.12,40.96,40.06,40.76285714285715,1.603444209610469,0.8083559665435089,611.85,12,-2.4492935982947064e-16,1.0
108,2024-12-25,1,"Paradip, India","Qingdao, China",Iron Ore,42.93,617.97,101.2,96.2,4.8,2026-09-09 06:56:12.007816+00:00,43.32,40.63,40.95,40.51,40.34285714285715,40.93571428571429,1.9283387866737722,1.0519749426221472,614.08,12,-2.4492935982947064e-16,1.0
109,2024-12-26,1,"Paradip, India","Qingdao, China",Iron Ore,44.77,619.18,102.3,86.9,3.1,2026-09-09 06:56:12.007816+00:00,36.11,42.93,40.58,42.77,40.941428571428574,41.07857142857143,2.560803445349578,1.1772150544056323,617.97,12,-2.4492935982947064e-16,1.0
110,2024-12-27,1,"Paradip, India","Qingdao, China",Iron Ore,44.42,623.29,112.1,108.8,4.8,2026-09-09 06:56:12.007816+00:00,40.68,44.77,39.84,42.81,41.59571428571429,41.19357142857143,2.8058561209421504,1.0303307876534202,619.18,12,-2.4492935982947064e-16,1.0
111,2024-12-28,1,"Paradip, India","Qingdao, China",Iron Ore,40.34,624.09,103.7,102.6,2.8,2026-09-09 06:56:12.007816+00:00,43.82,44.42,36.54,36.77,42.13857142857143,41.448571428571434,1.8793033156946455,1.0107211490525196,623.29,12,-2.4492935982947064e-16,1.0
112,2024-12-29,1,"Paradip, India","Qingdao, China",Iron Ore,38.42,621.15,90.4,97.7,1.4,2026-09-09 06:56:12.007816+00:00,43.23,40.34,41.1,43.71,41.75571428571429,41.07071428571429,2.342141876878624,0.9252813791933082,624.09,12,-2.4492935982947064e-16,1.0
113,2024-12-30,1,"Paradip, India","Qingdao, China",Iron Ore,41.98,622.08,110.5,106.3,4.7,2026-09-09 06:56:12.007816+00:00,41.43,38.42,40.78,41.57,41.92714285714286,41.1,2.3024024719533913,1.0395107206480978,621.15,12,-2.4492935982947064e-16,1.0
114,2024-12-31,1,"Paradip, India","Qingdao, China",Iron Ore,43.53,625.08,96.8,93.2,5.0,2026-09-09 06:56:12.007816+00:00,41.42,41.98,40.63,42.12,42.34142857142857,41.200714285714284,2.290978164972526,1.0386264980014486,622.08,12,-2.4492935982947064e-16,1.0
115,2025-01-01,1,"Paradip, India","Qingdao, China",Iron Ore,42.92,621.67,105.7,86.8,1.8,2026-09-09 06:56:12.007816+00:00,41.67,43.53,42.93,40.95,42.339999999999996,41.34142857142857,2.2905530627630664,1.2177417951910374,625.08,1,0.49999999999999994,0.8660254037844387
116,2025-01-02,1,"Paradip, India","Qingdao, China",Iron Ore,43.17,618.86,108.1,106.9,4.3,2026-09-09 06:56:12.007816+00:00,40.38,42.92,44.77,40.58,42.111428571428576,41.526428571428575,2.0775821569910438,1.011225349745056,621.67,1,0.49999999999999994,0.8660254037844387
117,2025-01-03,1,"Paradip, India","Qingdao, China",Iron Ore,39.45,622.47,111.9,104.3,1.3,2026-09-09 06:56:12.007816+00:00,36.24,43.17,44.42,39.84,41.401428571428575,41.49857142857143,2.005122012675099,1.0728666277213206,618.86,1,0.49999999999999994,0.8660254037844387
118,2025-01-04,1,"Paradip, India","Qingdao, China",Iron Ore,40.12,620.64,87.3,99.2,3.3,2026-09-09 06:56:12.007816+00:00,39.24,39.45,40.34,36.54,41.37,41.75428571428571,2.026145766391605,0.8800402338669119,622.47,1,0.49999999999999994,0.8660254037844387
119,2025-01-05,1,"Paradip, India","Qingdao, China",Iron Ore,40.08,623.1,109.9,107.3,2.1,2026-09-09 06:56:12.007816+00:00,40.49,40.12,38.42,41.1,41.607142857142854,41.68142857142857,1.6931008464324946,1.0242310322245078,620.64,1,0.49999999999999994,0.8660254037844387
120,2025-01-06,1,"Paradip, India","Qingdao, China",Iron Ore,37.51,625.05,97.8,110.5,2.0,2026-09-09 06:56:12.007816+00:00,41.12,40.08,41.98,40.78,40.96857142857142,41.44785714285714,2.2727621122870727,0.8850677932065345,623.1,1,0.49999999999999994,0.8660254037844387
121,2025-01-07,1,"Paradip, India","Qingdao, China",Iron Ore,44.26,624.51,106.9,98.6,4.1,2026-09-09 06:56:12.007816+00:00,41.68,37.51,43.53,40.63,41.07285714285714,41.707142857142856,2.421746713192177,1.084178389028561,625.05,1,0.49999999999999994,0.8660254037844387
122,2025-01-08,1,"Paradip, India","Qingdao, China",Iron Ore,46.5,625.48,111.7,90.1,4.6,2026-09-09 06:56:12.007816+00:00,40.74,44.26,42.92,42.93,41.58428571428571,41.96214285714286,3.1464310848052137,1.239733491705495,624.51,1,0.49999999999999994,0.8660254037844387
123,2025-01-09,1,"Paradip, India","Qingdao, China",Iron Ore,41.7,626.5,101.8,90.8,1.4,2026-09-09 06:56:12.007816+00:00,38.3,46.5,43.17,44.77,41.37428571428571,41.74285714285714,3.0711119438126193,1.1211452509751927,625.48,1,0.49999999999999994,0.8660254037844387
124,2025-01-10,1,"Paradip, India","Qingdao, China",Iron Ore,38.93,624.54,88.8,93.3,1.4,2026-09-09 06:56:12.007816+00:00,41.66,41.7,39.45,44.42,41.300000000000004,41.35071428571428,3.1311180111902455,0.9517683867343637,626.5,1,0.49999999999999994,0.8660254037844387
125,2025-01-11,1,"Paradip, India","Qingdao, China",Iron Ore,41.5,624.56,102.2,101.1,4.6,2026-09-09 06:56:12.007816+00:00,39.25,38.93,40.12,40.34,41.49714285714286,41.433571428571426,3.087581115186626,1.0108802165301467,624.54,1,0.49999999999999994,0.8660254037844387
126,2025-01-12,1,"Paradip, India","Qingdao, China",Iron Ore,40.02,620.91,89.1,110.2,4.3,2026-09-09 06:56:12.007816+00:00,43.85,41.5,40.08,38.42,41.48857142857143,41.54785714285714,3.092250682870687,0.808529872184222,624.56,1,0.49999999999999994,0.8660254037844387
127,2025-01-13,1,"Paradip, India","Qingdao, China",Iron Ore,41.52,625.03,97.8,99.3,2.7,2026-09-09 06:56:12.007816+00:00,39.54,40.02,37.51,41.98,42.06142857142857,41.515,2.5575667379459595,0.9848941606350291,620.91,1,0.49999999999999994,0.8660254037844387
128,2025-01-14,1,"Paradip, India","Qingdao, China",Iron Ore,39.86,628.08,96.6,86.7,1.2,2026-09-09 06:56:12.007816+00:00,41.97,41.52,44.26,43.53,41.43285714285714,41.25285714285714,2.4662300128314096,1.1141867227004931,625.03,1,0.49999999999999994,0.8660254037844387
129,2025-01-15,1,"Paradip, India","Qingdao, China",Iron Ore,44.79,627.06,106.5,87.2,5.5,2026-09-09 06:56:12.007816+00:00,37.75,39.86,46.5,42.92,41.18857142857143,41.38642857142857,1.9004598441028853,1.2213301351685624,628.08,1,0.49999999999999994,0.8660254037844387
130,2025-01-16,1,"Paradip, India","Qingdao, China",Iron Ore,41.26,624.13,97.1,107.7,4.0,2026-09-09 06:56:12.007816+00:00,38.49,44.79,41.7,43.17,41.12571428571429,41.25,1.8879606028980538,0.9015783749695101,627.06,1,0.49999999999999994,0.8660254037844387
131,2025-01-17,1,"Paradip, India","Qingdao, China",Iron Ore,38.62,624.03,94.6,110.5,4.7,2026-09-09 06:56:12.007816+00:00,38.48,41.26,38.93,39.45,41.08142857142857,41.190714285714286,1.9506445821097786,0.8561085198091837,624.13,1,0.49999999999999994,0.8660254037844387
132,2025-01-18,1,"Paradip, India","Qingdao, China",Iron Ore,44.24,622.81,113.4,93.7,1.8,2026-09-09 06:56:12.007816+00:00,41.6,38.62,41.5,40.12,41.472857142857144,41.48500000000001,2.293430576565106,1.2102453350858766,624.03,1,0.49999999999999994,0.8660254037844387
133,2025-01-19,1,"Paradip, India","Qingdao, China",Iron Ore,39.64,619.78,88.1,110.5,4.8,2026-09-09 06:56:12.007816+00:00,37.67,44.24,40.02,40.08,41.41857142857143,41.45357142857143,2.337622927758218,0.7972849957208148,622.81,1,0.49999999999999994,0.8660254037844387
134,2025-01-20,1,"Paradip, India","Qingdao, China",Iron Ore,41.26,617.57,109.7,103.1,1.0,2026-09-09 06:56:12.007816+00:00,40.3,39.64,41.52,37.51,41.38142857142857,41.721428571428575,2.337808293904265,1.064015415711405,619.78,1,0.49999999999999994,0.8660254037844387
135,2025-01-21,1,"Paradip, India","Qingdao, China",Iron Ore,38.71,618.26,99.4,111.2,2.6,2026-09-09 06:56:12.007816+00:00,40.5,41.26,39.86,44.26,41.21714285714285,41.325,2.4974968420781685,0.8938848117010062,617.57,1,0.49999999999999994,0.8660254037844387
136,2025-01-22,1,"Paradip, India","Qingdao, China",Iron Ore,41.74,620.49,85.4,94.5,4.7,2026-09-09 06:56:12.007816+00:00,42.61,38.71,44.79,46.5,40.78142857142858,40.98500000000001,1.9834349713853061,0.9037036080736923,618.26,1,0.49999999999999994,0.8660254037844387
137,2025-01-23,1,"Paradip, India","Qingdao, China",Iron Ore,37.08,619.09,105.3,114.6,1.0,2026-09-09 06:56:12.007816+00:00,44.79,41.74,41.26,41.7,40.184285714285714,40.654999999999994,2.400679467309589,0.9188480873605508,620.49,1,0.49999999999999994,0.8660254037844387
138,2025-01-24,1,"Paradip, India","Qingdao, China",Iron Ore,43.32,620.71,109.6,94.5,4.0,2026-09-09 06:56:12.007816+00:00,36.55,37.08,38.62,38.93,40.855714285714285,40.96857142857143,2.543277787572929,1.1597882370594457,619.09,1,0.49999999999999994,0.8660254037844387
139,2025-01-25,1,"Paradip, India","Qingdao, China",Iron Ore,36.11,619.93,89.6,110.0,1.7,2026-09-09 06:56:12.007816+00:00,36.64,43.32,44.24,41.5,39.69428571428572,40.58357142857143,2.5960088414259777,0.8145453804958744,620.71,1,0.49999999999999994,0.8660254037844387
140,2025-01-26,1,"Paradip, India","Qingdao, China",Iron Ore,40.68,616.99,101.6,95.5,3.0,2026-09-09 06:56:12.007816+00:00,41.0,36.11,39.64,40.02,39.84285714285715,40.63071428571429,2.6220139478761517,1.0638742341492948,619.93,1,0.49999999999999994,0.8660254037844387
141,2025-01-27,1,"Paradip, India","Qingdao, China",Iron Ore,43.82,614.06,114.8,91.8,2.6,2026-09-09 06:56:12.007816+00:00,43.99,40.68,41.26,41.52,40.208571428571425,40.795,3.0034115522819866,1.2505445260844743,616.99,1,0.49999999999999994,0.8660254037844387
142,2025-01-28,1,"Paradip, India","Qingdao, China",Iron Ore,43.23,612.52,108.8,96.3,2.6,2026-09-09 06:56:12.007816+00:00,41.64,43.82,38.71,39.86,40.854285714285716,41.03571428571428,3.1114726263879997,1.1298025825750173,614.06,1,0.49999999999999994,0.8660254037844387
143,2025-01-29,1,"Paradip, India","Qingdao, China",Iron Ore,41.43,612.44,103.4,111.1,4.1,2026-09-09 06:56:12.007816+00:00,45.17,43.23,41.74,44.79,40.81,40.79571428571428,3.0989460573986443,0.930692985536185,612.52,1,0.49999999999999994,0.8660254037844387
144,2025-01-30,1,"Paradip, India","Qingdao, China",Iron Ore,41.42,612.97,93.0,99.6,5.3,2026-09-09 06:56:12.007816+00:00,43.81,41.43,37.08,41.26,41.43,40.80714285714286,2.6264424608203254,0.9337348460105577,612.44,1,0.49999999999999994,0.8660254037844387
145,2025-01-31,1,"Paradip, India","Qingdao, China",Iron Ore,41.67,612.32,88.2,89.0,4.2,2026-09-09 06:56:12.007816+00:00,38.86,41.42,43.32,38.62,41.19428571428572,41.025,2.4995256692877756,0.9910111246054916,612.97,1,0.49999999999999994,0.8660254037844387
146,2025-02-01,1,"Paradip, India","Qingdao, China",Iron Ore,40.38,611.61,86.5,90.5,2.4,2026-09-09 06:56:12.007816+00:00,42.38,41.67,36.11,44.24,41.80428571428571,40.74928571428571,1.2711000110515143,0.9558009993590055,612.32,2,0.8660254037844386,0.5000000000000001
147,2025-02-02,1,"Paradip, India","Qingdao, China",Iron Ore,36.24,611.29,90.0,113.5,1.1,2026-09-09 06:56:12.007816+00:00,40.96,40.38,40.68,39.64,41.17,40.50642857142857,2.4689808963753848,0.7929514719866544,611.61,2,0.8660254037844386,0.5000000000000001
148,2025-02-03,1,"Paradip, India","Qingdao, China",Iron Ore,39.24,612.84,105.6,108.2,1.5,2026-09-09 06:56:12.007816+00:00,43.55,36.24,43.82,41.26,40.51571428571429,40.362142857142864,2.246514761008375,0.9759703349380465,611.29,2,0.8660254037844386,0.5000000000000001
149,2025-02-04,1,"Paradip, India","Qingdao, China",Iron Ore,40.49,609.11,101.6,98.7,2.4,2026-09-09 06:56:12.007816+00:00,45.19,39.24,43.23,38.71,40.12428571428571,40.48928571428571,1.9079557746696323,1.02938186125817,612.84,2,0.8660254037844386,0.5000000000000001
150,2025-02-05,1,"Paradip, India","Qingdao, China",Iron Ore,41.12,612.68,104.7,100.9,2.9,2026-09-09 06:56:12.007816+00:00,38.17,40.49,41.43,41.74,40.08,40.44499999999999,1.875926437790128,1.0376609477045642,609.11,2,0.8660254037844386,0.5000000000000001
151,2025-02-06,1,"Paradip, India","Qingdao, China",Iron Ore,41.68,613.86,96.2,89.9,1.4,2026-09-09 06:56:12.007816+00:00,39.29,41.12,41.42,37.08,40.11714285714286,40.77357142857143,1.9091596256443386,1.070077745263877,612.68,2,0.8660254037844386,0.5000000000000001
152,2025-02-07,1,"Paradip, India","Qingdao, China",Iron Ore,40.74,613.81,105.9,112.9,5.1,2026-09-09 06:56:12.007816+00:00,42.17,41.68,41.67,43.32,39.98428571428571,40.589285714285715,1.8130256216506881,0.9379981454386054,613.86,2,0.8660254037844386,0.5000000000000001
153,2025-02-08,1,"Paradip, India","Qingdao, China",Iron Ore,38.3,617.28,85.7,86.9,1.4,2026-09-09 06:56:12.007816+00:00,43.8,40.74,40.38,36.11,39.68714285714286,40.74571428571428,1.9054545764350066,0.9861909106799872,613.81,2,0.8660254037844386,0.5000000000000001
154,2025-02-09,1,"Paradip, India","Qingdao, China",Iron Ore,41.66,620.88,103.6,107.6,5.2,2026-09-09 06:56:12.007816+00:00,37.17,38.3,36.24,40.68,40.46142857142856,40.815714285714286,1.2647322321533405,0.962825189328514,617.28,2,0.8660254037844386,0.5000000000000001
155,2025-02-10,1,"Paradip, India","Qingdao, China",Iron Ore,39.25,620.65,105.4,110.3,2.7,2026-09-09 06:56:12.007816+00:00,41.55,41.66,39.24,43.82,40.462857142857146,40.48928571428571,1.2631272604889932,0.9555756159949578,620.88,2,0.8660254037844386,0.5000000000000001
156,2025-02-11,1,"Paradip, India","Qingdao, China",Iron Ore,43.85,619.31,114.3,96.8,4.4,2026-09-09 06:56:12.007816+00:00,38.33,39.25,40.49,43.23,40.94285714285714,40.53357142857143,1.7996362066235578,1.1807850019850203,620.65,2,0.8660254037844386,0.5000000000000001
157,2025-02-12,1,"Paradip, India","Qingdao, China",Iron Ore,39.54,616.47,85.1,86.7,1.4,2026-09-09 06:56:12.007816+00:00,43.1,43.85,41.12,41.43,40.71714285714285,40.39857142857143,1.8713695010670028,0.9815454461885297,619.31,2,0.8660254037844386,0.5000000000000001
158,2025-02-13,1,"Paradip, India","Qingdao, China",Iron Ore,41.97,612.97,114.8,106.2,4.2,2026-09-09 06:56:12.007816+00:00,39.13,39.54,41.68,41.42,40.75857142857143,40.43785714285714,1.899240449683567,1.0809791825819979,616.47,2,0.8660254037844386,0.5000000000000001
159,2025-02-14,1,"Paradip, India","Qingdao, China",Iron Ore,37.75,613.23,100.7,114.7,1.1,2026-09-09 06:56:12.007816+00:00,38.92,41.97,40.74,41.67,40.33142857142857,40.15785714285714,2.2142224261308785,0.877942382045128,612.97,2,0.8660254037844386,0.5000000000000001
160,2025-02-15,1,"Paradip, India","Qingdao, China",Iron Ore,38.49,610.85,95.9,113.5,4.9,2026-09-09 06:56:12.007816+00:00,41.87,37.75,38.3,40.38,40.35857142857143,40.02285714285714,2.186156662359976,0.8449338462613352,613.23,2,0.8660254037844386,0.5000000000000001
161,2025-02-16,1,"Paradip, India","Qingdao, China",Iron Ore,38.48,607.52,100.8,112.8,2.9,2026-09-09 06:56:12.007816+00:00,42.56,38.49,41.66,36.24,39.90428571428571,40.18285714285714,2.200998691070765,0.8936169420552356,610.85,2,0.8660254037844386,0.5000000000000001
162,2025-02-17,1,"Paradip, India","Qingdao, China",Iron Ore,41.6,606.46,93.0,86.4,3.6,2026-09-09 06:56:12.007816+00:00,41.63,38.48,39.25,39.24,40.24,40.35142857142857,2.262918469587441,1.076388764306856,607.52,2,0.8660254037844386,0.5000000000000001
163,2025-02-18,1,"Paradip, India","Qingdao, China",Iron Ore,37.67,608.98,89.8,106.7,3.7,2026-09-09 06:56:12.007816+00:00,37.62,41.6,43.85,40.49,39.357142857142854,40.15,1.7720770702362687,0.8416119173747031,606.46,2,0.8660254037844386,0.5000000000000001
164,2025-02-19,1,"Paradip, India","Qingdao, China",Iron Ore,40.3,608.55,92.6,93.7,2.8,2026-09-09 06:56:12.007816+00:00,41.46,37.67,39.54,41.12,39.465714285714284,40.09142857142858,1.8080639474574027,0.9882603000789433,608.98,2,0.8660254037844386,0.5000000000000001
165,2025-02-20,1,"Paradip, India","Qingdao, China",Iron Ore,40.5,605.27,103.7,111.2,4.4,2026-09-09 06:56:12.007816+00:00,40.97,40.3,41.97,41.68,39.25571428571429,40.00714285714286,1.5331977165699342,0.932553872971774,608.55,2,0.8660254037844386,0.5000000000000001
166,2025-02-21,1,"Paradip, India","Qingdao, China",Iron Ore,42.61,606.91,97.3,88.2,4.9,2026-09-09 06:56:12.007816+00:00,40.47,40.5,37.75,40.74,39.949999999999996,40.14071428571429,1.8126407991288973,1.1031744780981316,605.27,2,0.8660254037844386,0.5000000000000001
167,2025-02-22,1,"Paradip, India","Qingdao, China",Iron Ore,44.79,608.53,110.0,93.5,3.6,2026-09-09 06:56:12.007816+00:00,42.88,42.61,38.49,38.3,40.85,40.604285714285716,2.426863545127042,1.176470462409576,606.91,2,0.8660254037844386,0.5000000000000001
168,2025-02-23,1,"Paradip, India","Qingdao, China",Iron Ore,36.55,605.42,91.4,114.8,1.8,2026-09-09 06:56:12.007816+00:00,39.1,44.79,38.48,41.66,40.574285714285715,40.239285714285714,2.818952861985312,0.796167178034218,608.53,2,0.8660254037844386,0.5000000000000001
169,2025-02-24,1,"Paradip, India","Qingdao, China",Iron Ore,36.64,606.4,88.6,113.5,4.6,2026-09-09 06:56:12.007816+00:00,41.67,36.55,41.6,39.25,39.86571428571428,40.05285714285714,3.1249259038834634,0.7806166713113064,605.42,2,0.8660254037844386,0.5000000000000001
170,2025-02-25,1,"Paradip, India","Qingdao, China",Iron Ore,41.0,610.25,110.9,99.6,2.4,2026-09-09 06:56:12.007816+00:00,40.65,36.64,37.67,43.85,40.34142857142857,39.84928571428571,2.985305280712104,1.1134537034685037,606.4,2,0.8660254037844386,0.5000000000000001
171,2025-02-26,1,"Paradip, India","Qingdao, China",Iron Ore,43.99,608.95,109.1,87.0,2.4,2026-09-09 06:56:12.007816+00:00,44.07,41.0,40.3,39.54,40.86857142857143,40.16714285714285,3.287285752569671,1.2540228443651902,610.25,2,0.8660254037844386,0.5000000000000001
172,2025-02-27,1,"Paradip, India","Qingdao, China",Iron Ore,41.64,607.25,113.2,101.2,2.2,2026-09-09 06:56:12.007816+00:00,44.75,43.99,40.5,41.97,41.03142857142857,40.14357142857143,3.294214264289368,1.1185769645674937,608.95,2,0.8660254037844386,0.5000000000000001
173,2025-02-28,1,"Paradip, India","Qingdao, China",Iron Ore,45.17,608.64,111.9,93.5,5.2,2026-09-09 06:56:12.007816+00:00,38.22,41.64,42.61,37.75,41.39714285714285,40.673571428571435,3.624241135675676,1.1967913158511962,607.25,2,0.8660254037844386,0.5000000000000001
174,2025-03-01,1,"Paradip, India","Qingdao, China",Iron Ore,43.81,610.54,104.9,102.4,4.9,2026-09-09 06:56:12.007816+00:00,44.67,45.17,44.79,38.49,41.25714285714286,41.05357142857143,3.4876912816633285,1.0244139624595738,608.64,3,1.0,6.123233995736766e-17
175,2025-03-02,1,"Paradip, India","Qingdao, China",Iron Ore,38.86,610.87,111.4,110.4,2.2,2026-09-09 06:56:12.007816+00:00,41.82,43.81,36.55,38.48,41.58714285714286,41.080714285714286,3.0498836824033746,1.0090578796143224,610.54,3,1.0,6.123233995736766e-17
176,2025-03-03,1,"Paradip, India","Qingdao, China",Iron Ore,42.38,614.5,114.5,114.0,3.1,2026-09-09 06:56:12.007816+00:00,39.82,38.86,36.64,41.6,42.40714285714286,41.13642857142857,2.1314448486547795,1.0043858768082563,610.87,3,1.0,6.123233995736766e-17
177,2025-03-04,1,"Paradip, India","Qingdao, China",Iron Ore,40.96,610.62,109.6,92.9,1.8,2026-09-09 06:56:12.007816+00:00,42.56,42.38,41.0,37.67,42.401428571428575,41.371428571428574,2.1358950393330365,1.1797630592289494,614.5,3,1.0,6.123233995736766e-17
178,2025-03-05,1,"Paradip, India","Qingdao, China",Iron Ore,43.55,607.31,96.1,88.6,5.5,2026-09-09 06:56:12.007816+00:00,39.44,40.96,43.99,40.3,42.33857142857143,41.60357142857142,2.087274367617765,1.0846499904458249,610.62,3,1.0,6.123233995736766e-17
179,2025-03-06,1,"Paradip, India","Qingdao, China",Iron Ore,45.19,609.25,106.6,89.9,4.9,2026-09-09 06:56:12.007816+00:00,40.98,43.55,41.64,40.5,42.84571428571429,41.93857142857143,2.3087720917033776,1.1857618258329448,607.31,3,1.0,6.123233995736766e-17
180,2025-03-07,1,"Paradip, India","Qingdao, China",Iron Ore,38.17,608.8,101.3,101.1,1.5,2026-09-09 06:56:12.007816+00:00,40.91,45.19,45.17,42.61,41.84571428571429,41.62142857142857,2.6281353157885774,1.0019781402593333,609.25,3,1.0,6.123233995736766e-17
181,2025-03-08,1,"Paradip, India","Qingdao, China",Iron Ore,39.29,605.75,103.7,108.5,1.7,2026-09-09 06:56:12.007816+00:00,38.35,38.17,43.81,44.79,41.199999999999996,41.22857142857142,2.620343488934214,0.9557602805750893,608.8,3,1.0,6.123233995736766e-17
182,2025-03-09,1,"Paradip, India","Qingdao, China",Iron Ore,42.17,607.23,89.4,88.7,4.8,2026-09-09 06:56:12.007816+00:00,42.47,39.29,38.86,36.55,41.67285714285714,41.63,2.418585773309898,1.0078916563820004,605.75,3,1.0,6.123233995736766e-17
183,2025-03-10,1,"Paradip, India","Qingdao, China",Iron Ore,43.8,607.44,105.6,93.0,2.9,2026-09-09 06:56:12.007816+00:00,43.04,42.17,42.38,36.64,41.87571428571429,42.14142857142857,2.544077155164216,1.135483748872715,607.23,3,1.0,6.123233995736766e-17
184,2025-03-11,1,"Paradip, India","Qingdao, China",Iron Ore,37.17,605.01,87.6,107.3,3.0,2026-09-09 06:56:12.007816+00:00,42.93,43.8,40.96,41.0,41.33428571428572,41.86785714285715,3.11146191332871,0.8164025334200807,607.44,3,1.0,6.123233995736766e-17
185,2025-03-12,1,"Paradip, India","Qingdao, China",Iron Ore,41.55,608.61,98.9,102.8,3.1,2026-09-09 06:56:12.007816+00:00,40.62,37.17,43.55,43.99,41.04857142857143,41.69357142857143,2.9623438275090375,0.962062163223525,605.01,3,1.0,6.123233995736766e-17
186,2025-03-13,1,"Paradip, India","Qingdao, China",Iron Ore,38.33,611.91,96.2,114.6,3.7,2026-09-09 06:56:12.007816+00:00,41.78,41.55,45.19,41.64,40.06857142857143,41.45714285714286,2.4552422051020373,0.8394414625269231,608.61,3,1.0,6.123233995736766e-17
187,2025-03-14,1,"Paradip, India","Qingdao, China",Iron Ore,43.1,615.26,103.4,93.2,3.2,2026-09-09 06:56:12.007816+00:00,37.89,38.33,38.17,45.17,40.77285714285714,41.30928571428571,2.5259368841792362,1.109441941047002,611.91,3,1.0,6.123233995736766e-17
188,2025-03-15,1,"Paradip, India","Qingdao, China",Iron Ore,39.13,614.87,108.8,102.9,1.1,2026-09-09 06:56:12.007816+00:00,41.07,43.1,39.29,43.81,40.75,40.975,2.5422627716268758,1.0573371178486766,615.26,3,1.0,6.123233995736766e-17
189,2025-03-16,1,"Paradip, India","Qingdao, China",Iron Ore,38.92,618.75,97.8,110.7,3.1,2026-09-09 06:56:12.007816+00:00,43.22,39.13,42.17,38.86,40.285714285714285,40.979285714285716,2.536472991792983,0.8834687548808712,614.87,3,1.0,6.123233995736766e-17
190,2025-03-17,1,"Paradip, India","Qingdao, China",Iron Ore,41.87,616.67,112.5,112.9,3.3,2026-09-09 06:56:12.007816+00:00,45.19,38.92,43.8,42.38,40.01,40.94285714285714,2.169093512660693,0.9964569533696231,618.75,3,1.0,6.123233995736766e-17
191,2025-03-18,1,"Paradip, India","Qingdao, China",Iron Ore,42.56,615.32,97.3,86.2,3.2,2026-09-09 06:56:12.007816+00:00,38.98,41.87,37.17,40.96,40.78000000000001,41.05714285714286,1.937197288180351,1.1287701706763142,616.67,3,1.0,6.123233995736766e-17
192,2025-03-19,1,"Paradip, India","Qingdao, China",Iron Ore,41.63,612.3,90.8,90.1,3.7,2026-09-09 06:56:12.007816+00:00,39.0,42.56,41.55,43.55,40.791428571428575,40.92,1.9427251355714028,1.0077690335439475,615.32,3,1.0,6.123233995736766e-17
193,2025-03-20,1,"Paradip, India","Qingdao, China",Iron Ore,37.62,611.32,98.1,107.4,1.0,2026-09-09 06:56:12.007816+00:00,40.88,41.63,38.33,45.19,40.690000000000005,40.37928571428571,2.104455590724907,0.913407736181775,612.3,3,1.0,6.123233995736766e-17
194,2025-03-21,1,"Paradip, India","Qingdao, China",Iron Ore,41.46,611.59,95.6,85.1,2.6,2026-09-09 06:56:12.007816+00:00,41.16,37.62,43.1,38.17,40.455714285714286,40.614285714285714,1.8696243574834073,1.1233841218115015,611.32,3,1.0,6.123233995736766e-17
195,2025-03-22,1,"Paradip, India","Qingdao, China",Iron Ore,40.97,609.76,97.7,103.5,3.1,2026-09-09 06:56:12.007816+00:00,39.68,41.46,39.13,39.29,40.71857142857142,40.73428571428572,1.7793390961386752,0.9439612614530182,611.59,3,1.0,6.123233995736766e-17
196,2025-03-23,1,"Paradip, India","Qingdao, China",Iron Ore,40.47,611.93,90.5,106.0,5.4,2026-09-09 06:56:12.007816+00:00,41.15,40.97,38.92,42.17,40.94,40.61285714285714,1.6062378404208877,0.8537735043609901,609.76,3,1.0,6.123233995736766e-17
197,2025-03-24,1,"Paradip, India","Qingdao, China",Iron Ore,42.88,613.51,94.0,99.7,5.3,2026-09-09 06:56:12.007816+00:00,40.75,40.47,41.87,43.8,41.08428571428572,40.547142857142866,1.7432236148665825,0.9428283908898304,611.93,3,1.0,6.123233995736766e-17
198,2025-03-25,1,"Paradip, India","Qingdao, China",Iron Ore,39.1,612.04,96.7,96.8,1.9,2026-09-09 06:56:12.007816+00:00,39.28,42.88,42.56,37.17,40.589999999999996,40.684999999999995,1.7455849067480682,0.9989668389497067,613.51,3,1.0,6.123233995736766e-17
199,2025-03-26,1,"Paradip, India","Qingdao, China",Iron Ore,41.67,610.3,108.8,105.3,4.5,2026-09-09 06:56:12.007816+00:00,39.43,39.1,41.63,41.55,40.59571428571429,40.69357142857143,1.7496176453047962,1.0332382684484076,612.04,3,1.0,6.123233995736766e-17
200,2025-03-27,1,"Paradip, India","Qingdao, China",Iron Ore,40.65,608.01,105.7,101.8,2.0,2026-09-09 06:56:12.007816+00:00,43.57,41.67,37.62,38.33,41.028571428571425,40.85928571428571,1.1692936410703545,1.038310310578555,610.3,3,1.0,6.123233995736766e-17
201,2025-03-28,1,"Paradip, India","Qingdao, China",Iron Ore,44.07,606.27,95.2,88.6,5.0,2026-09-09 06:56:12.007816+00:00,40.57,40.65,41.46,43.1,41.401428571428575,40.92857142857143,1.6479525536396755,1.0744919780483095,608.01,3,1.0,6.123233995736766e-17
202,2025-03-29,1,"Paradip, India","Qingdao, China",Iron Ore,44.75,609.55,110.3,100.3,5.4,2026-09-09 06:56:12.007816+00:00,38.88,44.07,40.97,39.13,41.94142857142857,41.33,2.0526440556139955,1.0997007876669205,606.27,3,1.0,6.123233995736766e-17
203,2025-03-30,1,"Paradip, India","Qingdao, China",Iron Ore,38.22,608.73,87.7,97.2,1.0,2026-09-09 06:56:12.007816+00:00,40.03,44.75,40.47,38.92,41.62,41.279999999999994,2.457668271621135,0.9022632816601562,609.55,3,1.0,6.123233995736766e-17
204,2025-03-31,1,"Paradip, India","Qingdao, China",Iron Ore,44.67,609.18,108.7,87.6,3.6,2026-09-09 06:56:12.007816+00:00,42.1,38.22,42.88,41.87,41.87571428571429,41.480000000000004,2.6925196201256854,1.2408674382571419,608.73,3,1.0,6.123233995736766e-17
205,2025-04-01,1,"Paradip, India","Qingdao, China",Iron Ore,41.82,607.3,103.2,86.4,2.1,2026-09-09 06:56:12.007816+00:00,43.79,44.67,39.1,42.56,42.26428571428572,41.42714285714286,2.406227040706757,1.1944443061985757,609.18,4,0.8660254037844387,-0.4999999999999998
206,2025-04-02,1,"Paradip, India","Qingdao, China",Iron Ore,39.82,610.81,90.8,102.5,5.4,2026-09-09 06:56:12.007816+00:00,44.7,41.82,41.67,41.63,42.0,41.29785714285715,2.5778544049913266,0.8858535721118466,607.3,4,0.8660254037844387,-0.4999999999999998
207,2025-04-03,1,"Paradip, India","Qingdao, China",Iron Ore,42.56,613.38,88.0,88.6,5.1,2026-09-09 06:56:12.007816+00:00,38.48,39.82,40.65,37.62,42.27285714285715,41.65071428571429,2.511372229716316,0.9932278788681853,610.81,4,0.8660254037844387,-0.4999999999999998
208,2025-04-04,1,"Paradip, India","Qingdao, China",Iron Ore,39.44,609.64,100.7,107.2,3.4,2026-09-09 06:56:12.007816+00:00,38.47,42.56,44.07,41.46,41.61142857142857,41.50642857142857,2.5682317429924764,0.9393655840144044,613.38,4,0.8660254037844387,-0.4999999999999998
209,2025-04-05,1,"Paradip, India","Qingdao, China",Iron Ore,40.98,613.32,105.6,104.5,3.8,2026-09-09 06:56:12.007816+00:00,37.93,39.44,44.75,40.97,41.07285714285714,41.50714285714285,2.1638138728158705,1.0105262190884,609.64,4,0.8660254037844387,-0.4999999999999998
210,2025-04-06,1,"Paradip, India","Qingdao, China",Iron Ore,40.91,616.12,99.5,88.3,1.5,2026-09-09 06:56:12.007816+00:00,36.7,40.98,38.22,40.47,41.457142857142856,41.53857142857144,1.7770079186253078,1.1268401894858222,613.32,4,0.8660254037844387,-0.4999999999999998
211,2025-04-07,1,"Paradip, India","Qingdao, China",Iron Ore,38.35,612.96,98.3,110.6,1.6,2026-09-09 06:56:12.007816+00:00,45.32,40.91,44.67,42.88,40.55428571428571,41.21500000000001,1.447548008908588,0.8887883464025004,616.12,4,0.8660254037844387,-0.4999999999999998
212,2025-04-08,1,"Paradip, India","Qingdao, China",Iron Ore,42.47,613.34,108.1,104.4,3.5,2026-09-09 06:56:12.007816+00:00,43.68,38.35,41.82,39.1,40.64714285714286,41.455714285714286,1.5588426720456579,1.035440513846694,612.96,4,0.8660254037844387,-0.4999999999999998
213,2025-04-09,1,"Paradip, India","Qingdao, China",Iron Ore,43.04,613.33,90.3,89.7,4.3,2026-09-09 06:56:12.007816+00:00,41.61,42.47,39.82,41.67,41.107142857142854,41.55357142857143,1.7387899459654128,1.0066888509822907,613.34,4,0.8660254037844387,-0.4999999999999998
214,2025-04-10,1,"Paradip, India","Qingdao, China",Iron Ore,42.93,609.55,106.0,89.1,1.4,2026-09-09 06:56:12.007816+00:00,38.57,43.04,42.56,40.65,41.160000000000004,41.71642857142857,1.795030176162299,1.1896743894866006,613.33,4,0.8660254037844387,-0.4999999999999998
215,2025-04-11,1,"Paradip, India","Qingdao, China",Iron Ore,40.62,610.82,86.6,102.9,4.6,2026-09-09 06:56:12.007816+00:00,37.07,42.93,39.44,44.07,41.32857142857142,41.470000000000006,1.6566575644091903,0.841593698581759,609.55,4,0.8660254037844387,-0.4999999999999998
216,2025-04-12,1,"Paradip, India","Qingdao, China",Iron Ore,41.78,609.11,102.9,94.5,2.2,2026-09-09 06:56:12.007816+00:00,39.6,40.62,40.98,44.75,41.44285714285714,41.25785714285714,1.656197595756729,1.0888887736625636,610.82,4,0.8660254037844387,-0.4999999999999998
217,2025-04-13,1,"Paradip, India","Qingdao, China",Iron Ore,37.89,607.49,92.8,114.9,3.7,2026-09-09 06:56:12.007816+00:00,40.59,41.78,40.91,38.22,41.01142857142857,41.23428571428571,2.140634084965065,0.8076587634761737,609.11,4,0.8660254037844387,-0.4999999999999998
218,2025-04-14,1,"Paradip, India","Qingdao, China",Iron Ore,41.07,606.2,113.8,97.2,2.3,2026-09-09 06:56:12.007816+00:00,42.49,37.89,38.35,44.67,41.4,40.97714285714285,1.7961625761606033,1.1707817725533154,607.49,4,0.8660254037844387,-0.4999999999999998
219,2025-04-15,1,"Paradip, India","Qingdao, China",Iron Ore,43.22,602.21,108.4,91.8,1.8,2026-09-09 06:56:12.007816+00:00,40.85,41.07,42.47,41.82,41.50714285714286,41.07714285714286,1.8905176917598594,1.180827758079765,606.2,4,0.8660254037844387,-0.4999999999999998
220,2025-04-16,1,"Paradip, India","Qingdao, China",Iron Ore,45.19,604.96,111.4,89.7,4.9,2026-09-09 06:56:12.007816+00:00,44.55,43.22,43.04,39.82,41.81428571428571,41.46071428571428,2.3093206587136734,1.2419173643347419,602.21,4,0.8660254037844387,-0.4999999999999998
221,2025-04-17,1,"Paradip, India","Qingdao, China",Iron Ore,38.98,601.14,89.9,104.8,5.5,2026-09-09 06:56:12.007816+00:00,39.39,45.19,42.93,42.56,41.25,41.205,2.468373283493924,0.857824345627448,604.96,4,0.8660254037844387,-0.4999999999999998
222,2025-04-18,1,"Paradip, India","Qingdao, China",Iron Ore,39.0,604.26,98.7,110.8,2.9,2026-09-09 06:56:12.007816+00:00,39.82,38.98,40.62,39.44,41.01857142857143,41.17357142857143,2.609210791097738,0.8907941434301315,601.14,4,0.8660254037844387,-0.4999999999999998
223,2025-04-19,1,"Paradip, India","Qingdao, China",Iron Ore,40.88,602.26,113.0,108.9,3.9,2026-09-09 06:56:12.007816+00:00,39.06,39.0,41.78,40.98,40.89,41.166428571428575,2.587521336465964,1.0376491241828167,604.26,4,0.8660254037844387,-0.4999999999999998
224,2025-04-20,1,"Paradip, India","Qingdao, China",Iron Ore,41.16,601.53,102.0,96.5,1.1,2026-09-09 06:56:12.007816+00:00,42.04,40.88,37.89,40.91,41.357142857142854,41.18428571428571,2.225494059646915,1.0569947091197192,602.26,4,0.8660254037844387,-0.4999999999999998
225,2025-04-21,1,"Paradip, India","Qingdao, China",Iron Ore,39.68,602.17,106.7,114.8,4.7,2026-09-09 06:56:12.007816+00:00,40.18,41.16,41.07,38.35,41.15857142857143,41.27928571428571,2.3155735687688406,0.9294424277489175,601.53,4,0.8660254037844387,-0.4999999999999998
226,2025-04-22,1,"Paradip, India","Qingdao, China",Iron Ore,41.15,598.66,89.9,101.6,4.5,2026-09-09 06:56:12.007816+00:00,40.65,39.68,43.22,42.47,40.86285714285714,41.185,2.1334534936397715,0.8848424325942489,602.17,4,0.8660254037844387,-0.4999999999999998
227,2025-04-23,1,"Paradip, India","Qingdao, China",Iron Ore,40.75,597.08,106.6,105.9,2.1,2026-09-09 06:56:12.007816+00:00,40.23,41.15,45.19,43.04,40.22857142857142,41.021428571428565,0.981672528076928,1.0066099143899985,598.66,4,0.8660254037844387,-0.4999999999999998
228,2025-04-24,1,"Paradip, India","Qingdao, China",Iron Ore,39.28,593.6,87.2,86.5,1.7,2026-09-09 06:56:12.007816+00:00,39.36,40.75,38.98,42.93,40.271428571428565,40.760714285714286,0.9228656198932441,1.0080923690066625,597.08,4,0.8660254037844387,-0.4999999999999998
229,2025-04-25,1,"Paradip, India","Qingdao, China",Iron Ore,39.43,596.51,87.8,92.9,4.0,2026-09-09 06:56:12.007816+00:00,39.86,39.28,39.0,40.62,40.332857142857144,40.675714285714285,0.834180521744021,0.9451021587618773,593.6,4,0.8660254037844387,-0.4999999999999998
230,2025-04-26,1,"Paradip, India","Qingdao, China",Iron Ore,43.57,596.72,108.6,87.6,1.3,2026-09-09 06:56:12.007816+00:00,44.42,39.43,40.88,41.78,40.71714285714285,40.80357142857143,1.4900303608284047,1.2397258858760405,596.51,4,0.8660254037844387,-0.4999999999999998
231,2025-04-27,1,"Paradip, India","Qingdao, China",Iron Ore,40.57,593.9,93.8,87.7,3.4,2026-09-09 06:56:12.007816+00:00,44.14,43.57,41.16,37.89,40.63285714285714,40.995000000000005,1.4774382591241393,1.0695551802103556,596.72,4,0.8660254037844387,-0.4999999999999998
232,2025-04-28,1,"Paradip, India","Qingdao, China",Iron Ore,38.88,591.92,103.8,109.5,3.8,2026-09-09 06:56:12.007816+00:00,35.17,40.57,39.68,41.07,40.51857142857143,40.83857142857143,1.5900778657184014,0.9479451189091215,593.9,4,0.8660254037844387,-0.4999999999999998
233,2025-04-29,1,"Paradip, India","Qingdao, China",Iron Ore,40.03,594.32,107.9,112.3,2.8,2026-09-09 06:56:12.007816+00:00,42.07,38.88,41.15,43.22,40.35857142857143,40.61071428571428,1.57220045977422,0.9608191486358728,591.92,4,0.8660254037844387,-0.4999999999999998
234,2025-04-30,1,"Paradip, India","Qingdao, China",Iron Ore,42.1,595.61,110.7,113.8,4.3,2026-09-09 06:56:12.007816+00:00,40.36,40.03,40.75,45.19,40.55142857142857,40.39,1.7053780477402216,0.9727591412338189,594.32,4,0.8660254037844387,-0.4999999999999998
235,2025-05-01,1,"Paradip, India","Qingdao, China",Iron Ore,43.79,596.98,113.3,90.9,1.9,2026-09-09 06:56:12.007816+00:00,37.47,42.1,39.28,38.98,41.19571428571429,40.73357142857143,1.9755156047882287,1.2464245053438388,595.61,5,0.49999999999999994,-0.8660254037844387
236,2025-05-02,1,"Paradip, India","Qingdao, China",Iron Ore,44.7,596.99,109.0,90.6,5.0,2026-09-09 06:56:12.007816+00:00,36.86,43.79,39.43,39.0,41.94857142857143,41.14071428571429,2.183677544658881,1.2030903749348372,596.98,5,0.49999999999999994,-0.8660254037844387
237,2025-05-03,1,"Paradip, India","Qingdao, China",Iron Ore,38.48,598.62,104.5,113.4,4.0,2026-09-09 06:56:12.007816+00:00,42.25,44.7,43.57,40.88,41.221428571428575,40.96928571428572,2.39135546341,0.9215166735875948,596.99,5,0.49999999999999994,-0.8660254037844387
238,2025-05-04,1,"Paradip, India","Qingdao, China",Iron Ore,38.47,601.16,98.7,108.4,3.7,2026-09-09 06:56:12.007816+00:00,40.86,38.48,40.57,41.16,40.92142857142857,40.777142857142856,2.608559171723136,0.9105165211700625,598.62,5,0.49999999999999994,-0.8660254037844387
239,2025-05-05,1,"Paradip, India","Qingdao, China",Iron Ore,37.93,603.04,88.2,97.2,1.7,2026-09-09 06:56:12.007816+00:00,42.58,38.47,38.88,39.68,40.785714285714285,40.652142857142856,2.753173061171757,0.9074073140527454,601.16,5,0.49999999999999994,-0.8660254037844387
240,2025-05-06,1,"Paradip, India","Qingdao, China",Iron Ore,36.7,606.86,90.6,109.9,2.3,2026-09-09 06:56:12.007816+00:00,37.62,37.93,40.03,41.15,40.31,40.33428571428571,3.162741426884807,0.8243857302651746,603.04,5,0.49999999999999994,-0.8660254037844387
241,2025-05-07,1,"Paradip, India","Qingdao, China",Iron Ore,45.32,610.32,111.6,92.4,3.5,2026-09-09 06:56:12.007816+00:00,42.05,36.7,42.1,40.75,40.769999999999996,40.660714285714285,3.6613385530431293,1.2077920770787793,606.86,5,0.49999999999999994,-0.8660254037844387
242,2025-05-08,1,"Paradip, India","Qingdao, China",Iron Ore,43.68,609.58,113.5,95.1,3.5,2026-09-09 06:56:12.007816+00:00,40.84,45.32,43.79,39.28,40.75428571428571,40.975,3.646422251755163,1.1934804212954342,610.32,5,0.49999999999999994,-0.8660254037844387
243,2025-05-09,1,"Paradip, India","Qingdao, China",Iron Ore,41.61,607.18,108.2,89.6,1.1,2026-09-09 06:56:12.007816+00:00,41.21,43.68,44.7,39.43,40.31285714285714,41.130714285714284,3.2551995037975505,1.2075891509387109,609.58,5,0.49999999999999994,-0.8660254037844387
244,2025-05-10,1,"Paradip, India","Qingdao, China",Iron Ore,38.57,607.22,98.3,102.3,2.1,2026-09-09 06:56:12.007816+00:00,44.63,41.61,38.48,43.57,40.325714285714284,40.77357142857143,3.2469208857154563,0.9608992218084826,607.18,5,0.49999999999999994,-0.8660254037844387
245,2025-05-11,1,"Paradip, India","Qingdao, China",Iron Ore,37.07,604.01,92.5,112.9,3.9,2026-09-09 06:56:12.007816+00:00,41.49,38.57,38.47,40.57,40.12571428571429,40.52357142857142,3.418844137730656,0.8193090505483568,607.22,5,0.49999999999999994,-0.8660254037844387
246,2025-05-12,1,"Paradip, India","Qingdao, China",Iron Ore,39.6,600.17,86.1,92.5,4.7,2026-09-09 06:56:12.007816+00:00,43.03,37.07,37.93,38.88,40.364285714285714,40.574999999999996,3.2961536025234883,0.9308107101826258,604.01,5,0.49999999999999994,-0.8660254037844387
247,2025-05-13,1,"Paradip, India","Qingdao, China",Iron Ore,40.59,601.65,107.4,99.8,3.4,2026-09-09 06:56:12.007816+00:00,38.68,39.6,36.7,40.03,40.92,40.615,2.8766299727284896,1.076152196778337,600.17,5,0.49999999999999994,-0.8660254037844387
248,2025-05-14,1,"Paradip, India","Qingdao, China",Iron Ore,42.49,604.31,103.5,105.0,4.4,2026-09-09 06:56:12.007816+00:00,45.86,40.59,45.32,42.1,40.51571428571429,40.642857142857146,2.295313029798306,0.9857141918367436,601.65,5,0.49999999999999994,-0.8660254037844387
249,2025-05-15,1,"Paradip, India","Qingdao, China",Iron Ore,40.85,601.01,90.2,90.6,3.0,2026-09-09 06:56:12.007816+00:00,38.98,42.49,43.68,43.79,40.11142857142857,40.432857142857145,1.8513817233931869,0.9955848790745168,604.31,5,0.49999999999999994,-0.8660254037844387
250,2025-05-16,1,"Paradip, India","Qingdao, China",Iron Ore,44.55,599.65,96.3,87.6,5.2,2026-09-09 06:56:12.007816+00:00,38.92,40.85,41.61,44.7,40.53142857142858,40.42214285714285,2.476088505226389,1.0993149430005773,601.01,5,0.49999999999999994,-0.8660254037844387
251,2025-05-17,1,"Paradip, India","Qingdao, China",Iron Ore,39.39,600.93,87.7,85.8,3.0,2026-09-09 06:56:12.007816+00:00,39.35,44.55,38.57,38.48,40.64857142857143,40.48714285714285,2.385570711391211,1.022144403013473,599.65,5,0.49999999999999994,-0.8660254037844387
252,2025-05-18,1,"Paradip, India","Qingdao, China",Iron Ore,39.82,600.6,97.7,109.6,4.9,2026-09-09 06:56:12.007816+00:00,40.68,39.39,37.07,38.47,41.041428571428575,40.58357142857143,1.8684077764362648,0.8914232763299931,600.93,5,0.49999999999999994,-0.8660254037844387
253,2025-05-19,1,"Paradip, India","Qingdao, China",Iron Ore,39.06,597.04,86.5,94.2,2.5,2026-09-09 06:56:12.007816+00:00,39.72,39.82,39.6,37.93,40.964285714285715,40.66428571428571,1.9473217260539675,0.9182589258748486,600.6,5,0.49999999999999994,-0.8660254037844387
254,2025-05-20,1,"Paradip, India","Qingdao, China",Iron Ore,42.04,595.26,95.4,101.4,5.0,2026-09-09 06:56:12.007816+00:00,40.13,39.06,40.59,36.7,41.17142857142857,41.04571428571429,1.9777548598636165,0.9408283095830069,597.04,5,0.49999999999999994,-0.8660254037844387
255,2025-05-21,1,"Paradip, India","Qingdao, China",Iron Ore,40.18,598.27,91.9,94.9,2.1,2026-09-09 06:56:12.007816+00:00,39.93,42.04,42.49,45.32,40.84142857142857,40.67857142857143,1.9127243099083049,0.9683876745639963,595.26,5,0.49999999999999994,-0.8660254037844387
256,2025-05-22,1,"Paradip, India","Qingdao, China",Iron Ore,40.65,597.82,92.1,106.5,4.3,2026-09-09 06:56:12.007816+00:00,39.99,40.18,40.85,43.68,40.81285714285714,40.46214285714286,1.9140682179214674,0.8647886511935537,598.27,5,0.49999999999999994,-0.8660254037844387
257,2025-05-23,1,"Paradip, India","Qingdao, China",Iron Ore,40.23,601.19,88.9,106.2,4.1,2026-09-09 06:56:12.007816+00:00,43.16,40.65,44.55,41.61,40.19571428571429,40.36357142857143,0.9737702867866639,0.8370997328531325,597.82,5,0.49999999999999994,-0.8660254037844387
258,2025-05-24,1,"Paradip, India","Qingdao, China",Iron Ore,39.36,602.04,108.0,101.1,1.1,2026-09-09 06:56:12.007816+00:00,43.48,40.23,39.39,38.57,40.19142857142857,40.42,0.9779643581001799,1.068249152497611,601.19,5,0.49999999999999994,-0.8660254037844387
259,2025-05-25,1,"Paradip, India","Qingdao, China",Iron Ore,39.86,601.44,85.0,102.5,4.4,2026-09-09 06:56:12.007816+00:00,43.18,39.36,39.82,37.07,40.19714285714286,40.619285714285716,0.9755462450291563,0.829268211778711,602.04,5,0.49999999999999994,-0.8660254037844387
260,2025-05-26,1,"Paradip, India","Qingdao, China",Iron Ore,44.42,601.26,114.1,105.2,4.5,2026-09-09 06:56:12.007816+00:00,40.64,39.86,39.06,39.6,40.962857142857146,40.96357142857143,1.739029559703836,1.084600657357352,601.44,5,0.49999999999999994,-0.8660254037844387
261,2025-05-27,1,"Paradip, India","Qingdao, China",Iron Ore,44.14,604.54,109.4,92.8,4.3,2026-09-09 06:56:12.007816+00:00,41.84,44.42,42.04,40.59,41.262857142857136,41.21714285714285,2.0995770549145556,1.1788791833104328,601.26,5,0.49999999999999994,-0.8660254037844387
262,2025-05-28,1,"Paradip, India","Qingdao, China",Iron Ore,35.17,600.71,86.4,108.7,1.5,2026-09-09 06:56:12.007816+00:00,41.17,44.14,40.18,42.49,40.54714285714285,40.69428571428572,3.1308663033613833,0.7948481329486539,604.54,5,0.49999999999999994,-0.8660254037844387
263,2025-05-29,1,"Paradip, India","Qingdao, China",Iron Ore,42.07,597.58,97.1,91.5,2.7,2026-09-09 06:56:12.007816+00:00,39.35,35.17,40.65,40.85,40.75,40.78142857142857,3.184190111577291,1.0612020698139812,600.71,5,0.49999999999999994,-0.8660254037844387
264,2025-05-30,1,"Paradip, India","Qingdao, China",Iron Ore,40.36,600.09,93.7,94.1,2.6,2026-09-09 06:56:12.007816+00:00,41.2,42.07,40.23,44.55,40.76857142857143,40.482142857142854,3.181029333257955,0.9957490971573755,597.58,5,0.49999999999999994,-0.8660254037844387
265,2025-05-31,1,"Paradip, India","Qingdao, China",Iron Ore,37.47,597.88,104.5,114.9,2.6,2026-09-09 06:56:12.007816+00:00,40.73,40.36,39.36,39.39,40.49857142857143,40.345000000000006,3.3936186614066695,0.9094864308540964,600.09,5,0.49999999999999994,-0.8660254037844387
266,2025-06-01,1,"Paradip, India","Qingdao, China",Iron Ore,36.86,596.8,92.5,107.5,1.2,2026-09-09 06:56:12.007816+00:00,41.98,37.47,39.86,39.82,40.07,40.13357142857143,3.666187847524099,0.8604650362358106,597.88,6,1.2246467991473532e-16,-1.0
267,2025-06-02,1,"Paradip, India","Qingdao, China",Iron Ore,42.25,600.79,109.4,100.6,2.8,2026-09-09 06:56:12.007816+00:00,44.16,36.86,44.42,39.06,39.76,40.361428571428576,3.3116662472739375,1.0874750410064573,596.8,6,1.2246467991473532e-16,-1.0
268,2025-06-03,1,"Paradip, India","Qingdao, China",Iron Ore,40.86,602.33,89.3,95.4,5.3,2026-09-09 06:56:12.007816+00:00,41.65,42.25,44.14,42.04,39.291428571428575,40.277142857142856,2.7776334565683443,0.9360586020902931,600.79,6,1.2246467991473532e-16,-1.0
269,2025-06-04,1,"Paradip, India","Qingdao, China",Iron Ore,42.58,606.48,99.0,87.1,4.7,2026-09-09 06:56:12.007816+00:00,45.0,40.86,35.17,40.18,40.35,40.44857142857143,2.319338986291856,1.136624438963899,602.33,6,1.2246467991473532e-16,-1.0
270,2025-06-05,1,"Paradip, India","Qingdao, China",Iron Ore,37.62,609.08,85.9,111.0,4.5,2026-09-09 06:56:12.007816+00:00,37.23,42.58,42.07,40.65,39.714285714285715,40.232142857142854,2.3784298542165776,0.7738738041555132,606.48,6,1.2246467991473532e-16,-1.0
271,2025-06-06,1,"Paradip, India","Qingdao, China",Iron Ore,42.05,609.41,109.2,93.8,2.4,2026-09-09 06:56:12.007816+00:00,37.55,37.62,40.36,40.23,39.955714285714286,40.362142857142864,2.5354871796353677,1.1641789803647142,609.08,6,1.2246467991473532e-16,-1.0
272,2025-06-07,1,"Paradip, India","Qingdao, China",Iron Ore,40.84,613.58,90.9,87.1,2.1,2026-09-09 06:56:12.007816+00:00,41.17,42.05,37.47,39.36,40.43714285714286,40.46785714285714,2.2932125521904405,1.043627893957762,609.41,6,1.2246467991473532e-16,-1.0
273,2025-06-08,1,"Paradip, India","Qingdao, China",Iron Ore,41.21,610.18,100.7,93.2,2.1,2026-09-09 06:56:12.007816+00:00,44.46,40.84,36.86,39.86,41.058571428571426,40.56428571428571,1.665887436887864,1.080471987073821,613.58,6,1.2246467991473532e-16,-1.0
274,2025-06-09,1,"Paradip, India","Qingdao, China",Iron Ore,44.63,607.53,108.9,88.7,3.8,2026-09-09 06:56:12.007816+00:00,40.26,41.21,42.25,44.42,41.39857142857143,40.57928571428572,2.128281220229308,1.2277337961968662,610.18,6,1.2246467991473532e-16,-1.0
275,2025-06-10,1,"Paradip, India","Qingdao, China",Iron Ore,41.49,608.93,106.7,108.4,4.0,2026-09-09 06:56:12.007816+00:00,38.77,44.63,40.86,44.14,41.488571428571426,40.39,2.1149895868256023,0.9843172523692572,607.53,6,1.2246467991473532e-16,-1.0
276,2025-06-11,1,"Paradip, India","Qingdao, China",Iron Ore,43.03,609.92,99.7,87.9,4.9,2026-09-09 06:56:12.007816+00:00,42.36,41.49,42.58,35.17,41.55285714285714,40.951428571428565,2.160051807138796,1.1342433294376189,608.93,6,1.2246467991473532e-16,-1.0
277,2025-06-12,1,"Paradip, India","Qingdao, China",Iron Ore,38.68,613.65,94.1,108.4,4.8,2026-09-09 06:56:12.007816+00:00,40.78,43.03,37.62,42.07,41.70428571428572,40.70928571428572,1.853841571286043,0.8680811007305257,609.92,6,1.2246467991473532e-16,-1.0
278,2025-06-13,1,"Paradip, India","Qingdao, China",Iron Ore,45.86,614.53,111.5,87.4,5.3,2026-09-09 06:56:12.007816+00:00,39.32,38.68,42.05,40.36,42.24857142857143,41.10214285714286,2.439162619776283,1.2757435611277388,613.65,6,1.2246467991473532e-16,-1.0
279,2025-06-14,1,"Paradip, India","Qingdao, China",Iron Ore,38.98,617.8,99.2,111.3,2.4,2026-09-09 06:56:12.007816+00:00,42.71,45.86,40.84,37.47,41.98285714285714,41.209999999999994,2.7050059413718146,0.8912847357336267,614.53,6,1.2246467991473532e-16,-1.0
280,2025-06-15,1,"Paradip, India","Qingdao, China",Iron Ore,38.92,620.75,94.1,104.4,3.8,2026-09-09 06:56:12.007816+00:00,46.43,38.98,41.21,36.86,41.65571428571429,41.357142857142854,2.9421356027147434,0.9013409098332461,617.8,6,1.2246467991473532e-16,-1.0
281,2025-06-16,1,"Paradip, India","Qingdao, China",Iron Ore,39.35,623.56,102.7,95.1,1.1,2026-09-09 06:56:12.007816+00:00,40.99,38.92,44.63,42.25,40.901428571428575,41.15,2.7210379672190377,1.0799157644673225,620.75,6,1.2246467991473532e-16,-1.0
282,2025-06-17,1,"Paradip, India","Qingdao, China",Iron Ore,40.68,626.56,89.0,90.3,1.8,2026-09-09 06:56:12.007816+00:00,42.15,39.35,41.49,40.86,40.785714285714285,41.137142857142855,2.7090333893774403,0.9856034345954114,623.56,6,1.2246467991473532e-16,-1.0
283,2025-06-18,1,"Paradip, India","Qingdao, China",Iron Ore,39.72,630.39,103.9,106.8,1.2,2026-09-09 06:56:12.007816+00:00,37.65,40.68,43.03,42.58,40.31285714285714,40.932857142857145,2.5353153274344034,0.9728463508570833,626.56,6,1.2246467991473532e-16,-1.0
284,2025-06-19,1,"Paradip, India","Qingdao, China",Iron Ore,40.13,626.95,88.0,93.9,3.5,2026-09-09 06:56:12.007816+00:00,40.9,39.72,38.68,37.62,40.519999999999996,41.112142857142864,2.4369995212692666,0.9371670993432268,630.39,6,1.2246467991473532e-16,-1.0
285,2025-06-20,1,"Paradip, India","Qingdao, China",Iron Ore,39.93,630.22,101.7,114.1,3.2,2026-09-09 06:56:12.007816+00:00,40.51,40.13,45.86,42.05,39.67285714285715,40.96071428571428,0.6380625435832593,0.8913233224081225,626.95,6,1.2246467991473532e-16,-1.0
286,2025-06-21,1,"Paradip, India","Qingdao, China",Iron Ore,39.99,627.82,103.5,111.5,1.3,2026-09-09 06:56:12.007816+00:00,40.15,39.93,38.98,40.84,39.817142857142855,40.9,0.5653233377374204,0.928251037825019,630.22,6,1.2246467991473532e-16,-1.0
287,2025-06-22,1,"Paradip, India","Qingdao, China",Iron Ore,43.16,624.61,101.8,89.1,1.7,2026-09-09 06:56:12.007816+00:00,40.54,39.99,38.92,41.21,40.42285714285714,41.03928571428571,1.2727360853127117,1.1425363476390182,627.82,6,1.2246467991473532e-16,-1.0
288,2025-06-23,1,"Paradip, India","Qingdao, China",Iron Ore,43.48,622.91,90.2,93.7,5.3,2026-09-09 06:56:12.007816+00:00,40.48,43.16,39.35,44.63,41.01285714285715,40.957142857142856,1.6061103561680772,0.962646642193528,624.61,6,1.2246467991473532e-16,-1.0
289,2025-06-24,1,"Paradip, India","Qingdao, China",Iron Ore,43.18,623.22,115.0,108.1,4.9,2026-09-09 06:56:12.007816+00:00,40.88,43.48,40.68,41.49,41.37,41.07785714285715,1.7874749415492432,1.0638296888224155,622.91,6,1.2246467991473532e-16,-1.0
290,2025-06-25,1,"Paradip, India","Qingdao, China",Iron Ore,40.64,626.7,103.1,114.8,4.2,2026-09-09 06:56:12.007816+00:00,41.52,43.18,39.72,43.03,41.50142857142857,40.90714285714286,1.676299779985886,0.8980835454631058,623.22,6,1.2246467991473532e-16,-1.0
291,2025-06-26,1,"Paradip, India","Qingdao, China",Iron Ore,41.84,627.09,113.9,110.4,3.4,2026-09-09 06:56:12.007816+00:00,36.69,40.64,40.13,38.68,41.74571428571429,41.13285714285714,1.5639677867830173,1.0317028050993835,626.7,6,1.2246467991473532e-16,-1.0
292,2025-06-27,1,"Paradip, India","Qingdao, China",Iron Ore,41.17,623.57,101.2,102.8,3.9,2026-09-09 06:56:12.007816+00:00,43.23,41.84,39.93,45.86,41.92285714285714,40.79785714285714,1.3838920271671624,0.9844357019031419,627.09,6,1.2246467991473532e-16,-1.0
293,2025-06-28,1,"Paradip, India","Qingdao, China",Iron Ore,39.35,620.58,107.8,112.4,3.3,2026-09-09 06:56:12.007816+00:00,41.76,41.17,39.99,38.98,41.83142857142857,40.82428571428572,1.544672873366396,0.9590746477691594,623.57,6,1.2246467991473532e-16,-1.0
294,2025-06-29,1,"Paradip, India","Qingdao, China",Iron Ore,41.2,622.34,112.9,104.4,2.1,2026-09-09 06:56:12.007816+00:00,45.59,39.35,43.16,38.92,41.55142857142857,40.98714285714285,1.4376419184602451,1.081417520937019,620.58,6,1.2246467991473532e-16,-1.0
295,2025-06-30,1,"Paradip, India","Qingdao, China",Iron Ore,40.73,622.24,90.6,86.4,1.6,2026-09-09 06:56:12.007816+00:00,42.1,41.2,43.48,39.35,41.15857142857143,41.08571428571428,1.1744421168002013,1.0486109897440983,622.34,6,1.2246467991473532e-16,-1.0
296,2025-07-01,1,"Paradip, India","Qingdao, China",Iron Ore,41.98,621.82,98.2,103.6,5.4,2026-09-09 06:56:12.007816+00:00,40.27,40.73,43.18,40.68,40.98714285714285,41.17857142857143,0.8811680559672087,0.9478763563825912,622.24,7,-0.4999999999999997,-0.8660254037844388
297,2025-07-02,1,"Paradip, India","Qingdao, China",Iron Ore,44.16,624.43,105.5,90.4,3.2,2026-09-09 06:56:12.007816+00:00,44.94,41.98,40.64,39.72,41.49,41.49571428571428,1.4626004239025006,1.1670352691332666,621.82,7,-0.4999999999999997,-0.8660254037844388
298,2025-07-03,1,"Paradip, India","Qingdao, China",Iron Ore,41.65,623.98,111.1,89.8,1.3,2026-09-09 06:56:12.007816+00:00,41.39,44.16,41.84,40.13,41.462857142857146,41.60428571428571,1.45677399626375,1.237193626147703,624.43,7,-0.4999999999999997,-0.8660254037844388
299,2025-07-04,1,"Paradip, India","Qingdao, China",Iron Ore,45.0,627.14,112.0,89.5,5.3,2026-09-09 06:56:12.007816+00:00,43.5,41.65,41.17,39.93,42.01,41.96642857142857,1.960578146023852,1.2513965082238538,623.98,7,-0.4999999999999997,-0.8660254037844388
300,2025-07-05,1,"Paradip, India","Qingdao, China",Iron Ore,37.23,627.8,88.8,106.3,2.9,2026-09-09 06:56:12.007816+00:00,42.08,45.0,39.35,39.99,41.707142857142856,41.769285714285715,2.523025394810143,0.8353715112538559,627.14,7,-0.4999999999999997,-0.8660254037844388
301,2025-07-06,1,"Paradip, India","Qingdao, China",Iron Ore,37.55,629.87,89.1,102.6,1.6,2026-09-09 06:56:12.007816+00:00,39.95,37.23,41.2,43.16,41.18571428571429,41.368571428571435,2.980921877221054,0.868420967990159,627.8,7,-0.4999999999999997,-0.8660254037844388
302,2025-07-07,1,"Paradip, India","Qingdao, China",Iron Ore,41.17,630.67,89.3,85.3,2.4,2026-09-09 06:56:12.007816+00:00,41.77,37.55,40.73,43.48,41.24857142857143,41.20357142857143,2.9743426644746442,1.0468931949714895,629.87,7,-0.4999999999999997,-0.8660254037844388
303,2025-07-08,1,"Paradip, India","Qingdao, China",Iron Ore,44.46,628.69,104.5,92.8,4.8,2026-09-09 06:56:12.007816+00:00,43.88,41.17,41.98,43.18,41.60285714285714,41.295,3.2140302543987094,1.1260774648623422,630.67,7,-0.4999999999999997,-0.8660254037844388
304,2025-07-09,1,"Paradip, India","Qingdao, China",Iron Ore,40.26,632.76,90.0,90.1,1.4,2026-09-09 06:56:12.007816+00:00,39.28,44.46,44.16,40.64,41.04571428571428,41.267857142857146,3.0296141511357186,0.9988900112219744,628.69,7,-0.4999999999999997,-0.8660254037844388
305,2025-07-10,1,"Paradip, India","Qingdao, China",Iron Ore,38.77,629.25,91.8,96.1,2.0,2026-09-09 06:56:12.007816+00:00,43.4,40.26,41.65,41.84,40.63428571428572,41.04857142857143,3.127836617338236,0.9552548433657811,632.76,7,-0.4999999999999997,-0.8660254037844388
306,2025-07-11,1,"Paradip, India","Qingdao, China",Iron Ore,42.36,628.1,108.3,111.1,3.4,2026-09-09 06:56:12.007816+00:00,37.9,38.77,45.0,41.17,40.25714285714286,41.13357142857143,2.633854680158068,0.9747973920074354,629.25,7,-0.4999999999999997,-0.8660254037844388
307,2025-07-12,1,"Paradip, India","Qingdao, China",Iron Ore,40.78,628.8,101.3,91.5,1.6,2026-09-09 06:56:12.007816+00:00,44.91,42.36,37.23,39.35,40.76428571428572,41.23571428571428,2.270556885750395,1.1071037041416716,628.1,7,-0.4999999999999997,-0.8660254037844388
308,2025-07-13,1,"Paradip, India","Qingdao, China",Iron Ore,39.32,624.87,88.4,102.3,2.3,2026-09-09 06:56:12.007816+00:00,41.79,40.78,37.55,41.2,41.01714285714286,41.10142857142858,1.925242099803825,0.8641250377199378,628.8,7,-0.4999999999999997,-0.8660254037844388
309,2025-07-14,1,"Paradip, India","Qingdao, China",Iron Ore,42.71,624.06,109.7,104.8,3.9,2026-09-09 06:56:12.007816+00:00,39.95,39.32,41.17,40.73,41.237142857142864,41.24285714285714,2.030720022436294,1.0467556253095778,624.87,7,-0.4999999999999997,-0.8660254037844388
310,2025-07-15,1,"Paradip, India","Qingdao, China",Iron Ore,46.43,623.53,103.6,87.9,5.2,2026-09-09 06:56:12.007816+00:00,40.2,42.71,44.46,41.98,41.51857142857143,41.56071428571429,2.606641700038719,1.1786119250725908,624.06,7,-0.4999999999999997,-0.8660254037844388
311,2025-07-16,1,"Paradip, India","Qingdao, China",Iron Ore,40.99,626.79,97.3,90.5,1.9,2026-09-09 06:56:12.007816+00:00,40.67,46.43,40.26,44.16,41.62285714285714,41.33428571428572,2.5621196581847836,1.075138002747182,623.53,7,-0.4999999999999997,-0.8660254037844388
312,2025-07-17,1,"Paradip, India","Qingdao, China",Iron Ore,42.15,622.92,98.6,95.9,3.1,2026-09-09 06:56:12.007816+00:00,37.69,40.99,38.77,41.65,42.105714285714285,41.370000000000005,2.2321055615931127,1.028154220213324,626.79,7,-0.4999999999999997,-0.8660254037844388
313,2025-07-18,1,"Paradip, India","Qingdao, China",Iron Ore,37.65,622.17,87.2,110.8,4.8,2026-09-09 06:56:12.007816+00:00,40.31,42.15,42.36,45.0,41.432857142857145,40.845000000000006,2.784281560748413,0.787003539079103,622.92,7,-0.4999999999999997,-0.8660254037844388
314,2025-07-19,1,"Paradip, India","Qingdao, China",Iron Ore,40.9,618.43,88.2,100.3,4.9,2026-09-09 06:56:12.007816+00:00,45.58,37.65,40.78,37.23,41.449999999999996,41.107142857142854,2.7799580332563423,0.8793618265840651,622.17,7,-0.4999999999999997,-0.8660254037844388
315,2025-07-20,1,"Paradip, India","Qingdao, China",Iron Ore,40.51,618.47,91.0,88.9,3.9,2026-09-09 06:56:12.007816+00:00,40.39,40.9,39.32,37.55,41.620000000000005,41.318571428571424,2.6618727743200723,1.0236219321010198,618.43,7,-0.4999999999999997,-0.8660254037844388
316,2025-07-21,1,"Paradip, India","Qingdao, China",Iron Ore,40.15,622.53,91.8,103.4,2.8,2026-09-09 06:56:12.007816+00:00,40.2,40.51,42.71,41.17,41.25428571428571,41.24571428571429,2.6630174435706864,0.8878142274841172,618.47,7,-0.4999999999999997,-0.8660254037844388
317,2025-07-22,1,"Paradip, India","Qingdao, China",Iron Ore,40.54,623.55,91.1,95.9,3.8,2026-09-09 06:56:12.007816+00:00,39.56,40.15,46.43,44.46,40.41285714285714,40.965714285714284,1.3733258205989716,0.9499477633005459,622.53,7,-0.4999999999999997,-0.8660254037844388
318,2025-07-23,1,"Paradip, India","Qingdao, China",Iron Ore,40.48,625.11,105.2,103.8,3.4,2026-09-09 06:56:12.007816+00:00,36.28,40.54,40.99,40.26,40.339999999999996,40.98142857142857,1.3509502828256525,1.013487378276746,623.55,7,-0.4999999999999997,-0.8660254037844388
319,2025-07-24,1,"Paradip, India","Qingdao, China",Iron Ore,40.88,622.03,100.3,105.4,2.1,2026-09-09 06:56:12.007816+00:00,41.58,40.48,42.15,38.77,40.15857142857143,41.13214285714286,1.1354504036054174,0.9516128129399607,625.11,7,-0.4999999999999997,-0.8660254037844388
320,2025-07-25,1,"Paradip, India","Qingdao, China",Iron Ore,41.52,619.44,98.5,109.5,4.9,2026-09-09 06:56:12.007816+00:00,37.13,40.88,37.65,42.36,40.71142857142858,41.07214285714286,0.43903031677502424,0.8995432968453609,622.03,7,-0.4999999999999997,-0.8660254037844388
321,2025-07-26,1,"Paradip, India","Qingdao, China",Iron Ore,36.69,618.66,101.3,112.8,1.5,2026-09-09 06:56:12.007816+00:00,39.88,41.52,40.9,40.78,40.11,40.779999999999994,1.5684812186741137,0.8980495657757477,619.44,7,-0.4999999999999997,-0.8660254037844388
322,2025-07-27,1,"Paradip, India","Qingdao, China",Iron Ore,43.23,617.45,100.9,88.1,2.9,2026-09-09 06:56:12.007816+00:00,41.31,36.69,40.51,39.32,40.49857142857143,41.05928571428571,1.9696990342979535,1.145289313815061,618.66,7,-0.4999999999999997,-0.8660254037844388
323,2025-07-28,1,"Paradip, India","Qingdao, China",Iron Ore,41.76,613.5,112.6,109.5,2.5,2026-09-09 06:56:12.007816+00:00,41.24,43.23,40.15,42.71,40.728571428571435,40.99142857142857,2.0156754746356293,1.0283104083734786,617.45,7,-0.4999999999999997,-0.8660254037844388
324,2025-07-29,1,"Paradip, India","Qingdao, China",Iron Ore,45.59,615.13,99.4,88.2,5.2,2026-09-09 06:56:12.007816+00:00,42.13,41.76,40.54,46.43,41.449999999999996,40.93142857142857,2.718222458396869,1.1269839992081634,613.5,7,-0.4999999999999997,-0.8660254037844388
325,2025-07-30,1,"Paradip, India","Qingdao, China",Iron Ore,42.1,615.45,113.3,94.8,1.5,2026-09-09 06:56:12.007816+00:00,36.01,45.59,40.48,40.99,41.68142857142857,41.010714285714286,2.6906964932982214,1.1951475532544775,615.13,7,-0.4999999999999997,-0.8660254037844388
326,2025-07-31,1,"Paradip, India","Qingdao, China",Iron Ore,40.27,612.11,97.5,104.1,2.6,2026-09-09 06:56:12.007816+00:00,43.63,42.1,40.88,42.15,41.59428571428571,40.87642857142857,2.730560730831975,0.9365993336600064,615.45,7,-0.4999999999999997,-0.8660254037844388
327,2025-08-01,1,"Paradip, India","Qingdao, China",Iron Ore,44.94,612.81,107.7,96.0,4.6,2026-09-09 06:56:12.007816+00:00,39.33,40.27,41.52,37.65,42.08285714285715,41.39714285714285,3.007023524382559,1.121874883138033,612.11,8,-0.8660254037844385,-0.5000000000000004
328,2025-08-02,1,"Paradip, India","Qingdao, China",Iron Ore,41.39,611.03,85.9,95.3,4.6,2026-09-09 06:56:12.007816+00:00,37.79,44.94,36.69,40.9,42.75428571428572,41.432142857142864,1.9362580504919036,0.9013640187445942,612.81,8,-0.8660254037844385,-0.5000000000000004
329,2025-08-03,1,"Paradip, India","Qingdao, China",Iron Ore,43.5,607.35,109.4,90.7,2.7,2026-09-09 06:56:12.007816+00:00,45.0,41.39,43.23,40.51,42.792857142857144,41.64571428571429,1.9499548224313479,1.2061740676765085,611.03,8,-0.8660254037844385,-0.5000000000000004
330,2025-08-04,1,"Paradip, India","Qingdao, China",Iron Ore,42.08,609.22,106.6,90.7,2.0,2026-09-09 06:56:12.007816+00:00,41.71,43.5,41.76,40.15,42.83857142857143,41.78357142857143,1.9253002239599935,1.1753030677725393,607.35,8,-0.8660254037844385,-0.5000000000000004
331,2025-08-05,1,"Paradip, India","Qingdao, China",Iron Ore,39.95,608.57,104.8,90.0,1.2,2026-09-09 06:56:12.007816+00:00,37.66,42.08,45.59,40.54,42.03285714285715,41.74142857142857,1.7545152634056624,1.1644443150617427,609.22,8,-0.8660254037844385,-0.5000000000000004
332,2025-08-06,1,"Paradip, India","Qingdao, China",Iron Ore,41.77,611.83,106.5,92.6,2.3,2026-09-09 06:56:12.007816+00:00,43.12,39.95,42.1,40.48,41.98571428571429,41.833571428571425,1.7568424055944463,1.1501078671589777,608.57,8,-0.8660254037844385,-0.5000000000000004
333,2025-08-07,1,"Paradip, India","Qingdao, China",Iron Ore,43.88,611.71,89.8,88.3,5.3,2026-09-09 06:56:12.007816+00:00,43.22,41.77,40.27,40.88,42.50142857142857,42.04785714285714,1.698130624848141,1.0169874272947421,611.83,8,-0.8660254037844385,-0.5000000000000004
334,2025-08-08,1,"Paradip, India","Qingdao, China",Iron Ore,39.28,610.78,98.3,111.5,3.7,2026-09-09 06:56:12.007816+00:00,39.05,43.88,44.94,41.52,41.69285714285714,41.887857142857136,1.6909732334339855,0.8816142707072403,611.71,8,-0.8660254037844385,-0.5000000000000004
335,2025-08-09,1,"Paradip, India","Qingdao, China",Iron Ore,43.4,614.6,111.9,100.5,4.2,2026-09-09 06:56:12.007816+00:00,39.44,39.28,41.39,36.69,41.980000000000004,42.367142857142866,1.7982306118329139,1.1134327250315696,610.78,8,-0.8660254037844385,-0.5000000000000004
336,2025-08-10,1,"Paradip, India","Qingdao, China",Iron Ore,37.9,612.29,91.6,114.5,3.4,2026-09-09 06:56:12.007816+00:00,39.42,43.4,43.5,43.23,41.18,41.986428571428576,2.2082345889872843,0.7999999301310105,614.6,8,-0.8660254037844385,-0.5000000000000004
337,2025-08-11,1,"Paradip, India","Qingdao, China",Iron Ore,44.91,615.01,111.4,96.9,4.6,2026-09-09 06:56:12.007816+00:00,43.54,37.9,42.08,41.76,41.58428571428572,42.21142857142858,2.6209594753502596,1.1496386842478137,612.29,8,-0.8660254037844385,-0.5000000000000004
338,2025-08-12,1,"Paradip, India","Qingdao, China",Iron Ore,41.79,615.61,95.2,109.0,4.9,2026-09-09 06:56:12.007816+00:00,40.83,44.91,39.95,45.59,41.847142857142856,41.94,2.52006424710234,0.873394415284916,615.01,8,-0.8660254037844385,-0.5000000000000004
339,2025-08-13,1,"Paradip, India","Qingdao, China",Iron Ore,39.95,615.49,95.1,105.9,3.4,2026-09-09 06:56:12.007816+00:00,41.84,41.79,41.77,42.1,41.58714285714286,41.78642857142857,2.621206556058401,0.8980169123685634,615.61,8,-0.8660254037844385,-0.5000000000000004
340,2025-08-14,1,"Paradip, India","Qingdao, China",Iron Ore,40.2,617.12,107.8,109.1,2.7,2026-09-09 06:56:12.007816+00:00,40.91,39.95,43.88,40.27,41.06142857142857,41.78142857142858,2.4480157173475843,0.9880842357393002,615.49,8,-0.8660254037844385,-0.5000000000000004
341,2025-08-15,1,"Paradip, India","Qingdao, China",Iron Ore,40.67,614.0,91.0,87.0,2.2,2026-09-09 06:56:12.007816+00:00,43.0,40.2,39.28,44.94,41.26,41.47642857142857,2.333109513074731,1.045976891267024,617.12,8,-0.8660254037844385,-0.5000000000000004
342,2025-08-16,1,"Paradip, India","Qingdao, China",Iron Ore,37.69,611.2,87.0,111.3,4.8,2026-09-09 06:56:12.007816+00:00,41.3,40.67,43.4,41.39,40.44428571428572,41.21214285714285,2.455197596548033,0.7816710887986443,614.0,8,-0.8660254037844385,-0.5000000000000004
343,2025-08-17,1,"Paradip, India","Qingdao, China",Iron Ore,40.31,608.76,89.2,91.8,4.2,2026-09-09 06:56:12.007816+00:00,41.48,37.69,37.9,43.5,40.78857142857142,40.98428571428571,2.194040629914179,0.9716774540656369,611.2,8,-0.8660254037844385,-0.5000000000000004
344,2025-08-18,1,"Paradip, India","Qingdao, China",Iron Ore,45.58,608.34,111.7,87.2,5.2,2026-09-09 06:56:12.007816+00:00,43.05,40.31,44.91,42.08,40.88428571428572,41.23428571428572,2.4079857221535064,1.2809631558528491,608.76,8,-0.8660254037844385,-0.5000000000000004
345,2025-08-19,1,"Paradip, India","Qingdao, China",Iron Ore,40.39,611.69,108.3,107.8,3.3,2026-09-09 06:56:12.007816+00:00,43.13,45.58,41.79,39.95,40.684285714285714,41.26571428571429,2.3781775735694164,1.0046381257293018,608.34,8,-0.8660254037844385,-0.5000000000000004
346,2025-08-20,1,"Paradip, India","Qingdao, China",Iron Ore,40.2,614.29,85.2,95.3,2.9,2026-09-09 06:56:12.007816+00:00,40.78,40.39,39.95,41.77,40.720000000000006,41.153571428571425,2.3671642669376802,0.8940187939119839,611.69,8,-0.8660254037844385,-0.5000000000000004
347,2025-08-21,1,"Paradip, India","Qingdao, China",Iron Ore,39.56,614.42,87.7,102.1,3.7,2026-09-09 06:56:12.007816+00:00,42.07,40.2,40.2,43.88,40.62857142857143,40.845000000000006,2.402688969824068,0.858961718025297,614.29,8,-0.8660254037844385,-0.5000000000000004
348,2025-08-22,1,"Paradip, India","Qingdao, China",Iron Ore,36.28,615.9,89.8,114.2,2.6,2026-09-09 06:56:12.007816+00:00,42.09,39.56,40.67,39.28,40.00142857142857,40.63071428571429,2.9095442287491857,0.7863396859597472,614.42,8,-0.8660254037844385,-0.5000000000000004
349,2025-08-23,1,"Paradip, India","Qingdao, China",Iron Ore,41.58,616.2,110.3,110.9,2.2,2026-09-09 06:56:12.007816+00:00,37.5,36.28,37.69,43.4,40.55714285714286,40.50071428571429,2.762249773196438,0.9945896307854254,615.9,8,-0.8660254037844385,-0.5000000000000004
350,2025-08-24,1,"Paradip, India","Qingdao, China",Iron Ore,37.13,618.07,93.9,110.0,1.8,2026-09-09 06:56:12.007816+00:00,40.65,41.58,40.31,37.9,40.10285714285715,40.44571428571429,3.0555889464265085,0.853636286033065,616.2,8,-0.8660254037844385,-0.5000000000000004
351,2025-08-25,1,"Paradip, India","Qingdao, China",Iron Ore,39.88,614.82,101.9,106.2,2.5,2026-09-09 06:56:12.007816+00:00,41.56,37.13,45.58,44.91,39.28857142857144,40.08642857142858,1.8898362236927204,0.9595102674660765,618.07,8,-0.8660254037844385,-0.5000000000000004
352,2025-08-26,1,"Paradip, India","Qingdao, China",Iron Ore,41.31,612.11,113.0,91.6,1.4,2026-09-09 06:56:12.007816+00:00,40.94,39.88,40.39,41.79,39.42,40.05214285714286,2.007527500849453,1.2336243194733276,614.82,8,-0.8660254037844385,-0.5000000000000004
353,2025-08-27,1,"Paradip, India","Qingdao, China",Iron Ore,41.24,613.96,103.5,101.1,2.4,2026-09-09 06:56:12.007816+00:00,42.73,41.31,40.2,39.95,39.56857142857143,40.144285714285715,2.110706268617476,1.023738771143544,612.11,8,-0.8660254037844385,-0.5000000000000004
354,2025-08-28,1,"Paradip, India","Qingdao, China",Iron Ore,42.13,613.79,114.3,89.0,1.7,2026-09-09 06:56:12.007816+00:00,42.87,41.24,39.56,40.2,39.93571428571429,40.28214285714285,2.321916285763835,1.2842695186214024,613.96,8,-0.8660254037844385,-0.5000000000000004
355,2025-08-29,1,"Paradip, India","Qingdao, China",Iron Ore,36.01,612.26,86.4,100.4,1.3,2026-09-09 06:56:12.007816+00:00,39.57,42.13,36.28,40.67,39.89714285714286,39.949285714285715,2.393893023826233,0.8605576832113861,613.79,8,-0.8660254037844385,-0.5000000000000004
356,2025-08-30,1,"Paradip, India","Qingdao, China",Iron Ore,43.63,614.86,100.0,85.5,4.8,2026-09-09 06:56:12.007816+00:00,40.64,36.01,41.58,37.69,40.19,40.37357142857143,2.7351477717544577,1.1695905064806424,612.26,8,-0.8660254037844385,-0.5000000000000004
357,2025-08-31,1,"Paradip, India","Qingdao, China",Iron Ore,39.33,611.1,94.7,92.9,1.7,2026-09-09 06:56:12.007816+00:00,36.84,43.63,37.13,40.31,40.50428571428572,40.30357142857143,2.434843301890676,1.0193755630381525,614.86,8,-0.8660254037844385,-0.5000000000000004
358,2025-09-01,1,"Paradip, India","Qingdao, China",Iron Ore,37.79,607.54,85.1,102.0,3.8,2026-09-09 06:56:12.007816+00:00,40.96,39.33,39.88,45.58,40.205714285714286,39.747142857142855,2.6433681616633127,0.8343136436947407,611.1,9,-1.0,-1.8369701987210297e-16
359,2025-09-02,1,"Paradip, India","Qingdao, China",Iron Ore,45.0,604.89,104.6,95.4,5.0,2026-09-09 06:56:12.007816+00:00,40.31,37.79,41.31,40.39,40.73285714285714,40.076428571428565,3.207931391025025,1.096435943769817,607.54,9,-1.0,-1.8369701987210297e-16
360,2025-09-03,1,"Paradip, India","Qingdao, China",Iron Ore,41.71,601.13,88.5,95.2,4.4,2026-09-09 06:56:12.007816+00:00,43.56,45.0,41.24,40.2,40.800000000000004,40.184285714285714,3.225187333060401,0.9296217510901521,604.89,9,-1.0,-1.8369701987210297e-16
361,2025-09-04,1,"Paradip, India","Qingdao, China",Iron Ore,37.66,601.12,85.7,87.9,1.6,2026-09-09 06:56:12.007816+00:00,36.75,41.71,42.13,39.56,40.16142857142857,40.04857142857143,3.357759315235039,0.9749714476710525,601.13,9,-1.0,-1.8369701987210297e-16
362,2025-09-05,1,"Paradip, India","Qingdao, China",Iron Ore,43.12,603.73,113.4,92.8,1.8,2026-09-09 06:56:12.007816+00:00,40.65,37.66,36.01,36.28,41.17714285714286,40.537142857142854,2.9423443843626327,1.2219826269415273,601.12,9,-1.0,-1.8369701987210297e-16
363,2025-09-06,1,"Paradip, India","Qingdao, China",Iron Ore,43.22,604.88,103.0,107.0,5.5,2026-09-09 06:56:12.007816+00:00,37.93,43.12,43.63,41.58,41.11857142857143,40.65428571428571,2.8889757618195424,0.9626167324657259,603.73,9,-1.0,-1.8369701987210297e-16
364,2025-09-07,1,"Paradip, India","Qingdao, China",Iron Ore,39.05,601.41,110.6,111.9,2.2,2026-09-09 06:56:12.007816+00:00,38.44,43.22,39.33,37.13,41.07857142857143,40.79142857142857,2.9196428352992334,0.9883823960337447,604.88,9,-1.0,-1.8369701987210297e-16
365,2025-09-08,1,"Paradip, India","Qingdao, China",Iron Ore,39.44,601.13,101.7,108.1,4.4,2026-09-09 06:56:12.007816+00:00,41.35,39.05,37.79,39.88,41.31428571428571,40.76,2.665432154722454,0.9407954726368666,601.41,9,-1.0,-1.8369701987210297e-16
366,2025-09-09,1,"Paradip, India","Qingdao, China",Iron Ore,39.42,599.78,92.7,101.7,4.6,2026-09-09 06:56:12.007816+00:00,39.06,39.44,45.0,41.31,40.51714285714286,40.625,2.167292583583745,0.9115043351519827,601.13,9,-1.0,-1.8369701987210297e-16
367,2025-09-10,1,"Paradip, India","Qingdao, China",Iron Ore,43.54,599.69,109.2,90.4,2.7,2026-09-09 06:56:12.007816+00:00,41.65,39.42,41.71,41.24,40.778571428571425,40.78928571428572,2.429653120450365,1.2079644681455233,599.78,9,-1.0,-1.8369701987210297e-16
368,2025-09-11,1,"Paradip, India","Qingdao, China",Iron Ore,40.83,595.9,92.6,102.2,4.7,2026-09-09 06:56:12.007816+00:00,44.74,43.54,37.66,42.13,41.23142857142857,40.69642857142857,2.010840857049799,0.9060664475473142,599.69,9,-1.0,-1.8369701987210297e-16
369,2025-09-12,1,"Paradip, India","Qingdao, China",Iron Ore,41.84,595.17,112.7,108.5,5.0,2026-09-09 06:56:12.007816+00:00,41.02,40.83,43.12,36.01,41.04857142857143,41.112857142857145,1.8632626275024884,1.0387095816857528,595.9,9,-1.0,-1.8369701987210297e-16
370,2025-09-13,1,"Paradip, India","Qingdao, China",Iron Ore,40.91,597.44,109.2,114.0,5.1,2026-09-09 06:56:12.007816+00:00,38.62,41.84,43.22,43.63,40.71857142857142,40.91857142857143,1.6006397530511194,0.9578946528162585,595.17,9,-1.0,-1.8369701987210297e-16
371,2025-09-14,1,"Paradip, India","Qingdao, China",Iron Ore,43.0,594.86,106.5,88.4,1.6,2026-09-09 06:56:12.007816+00:00,44.48,40.91,39.05,39.33,41.28285714285714,41.18071428571428,1.6105973455595948,1.2047509949376702,597.44,9,-1.0,-1.8369701987210297e-16
372,2025-09-15,1,"Paradip, India","Qingdao, China",Iron Ore,41.3,596.87,109.4,103.4,3.8,2026-09-09 06:56:12.007816+00:00,43.28,43.0,39.44,37.79,41.54857142857143,41.431428571428576,1.394876679990276,1.0580269769799828,594.86,9,-1.0,-1.8369701987210297e-16
373,2025-09-16,1,"Paradip, India","Qingdao, China",Iron Ore,41.48,596.85,105.2,98.6,1.5,2026-09-09 06:56:12.007816+00:00,38.54,41.3,39.42,45.0,41.84285714285714,41.18,1.0441697544892579,1.0669370114668346,596.87,9,-1.0,-1.8369701987210297e-16
374,2025-09-17,1,"Paradip, India","Qingdao, China",Iron Ore,43.05,595.1,93.2,91.1,5.2,2026-09-09 06:56:12.007816+00:00,40.63,41.48,43.54,41.71,41.77285714285714,41.27571428571429,0.9205381448860072,1.0230514793576861,596.85,9,-1.0,-1.8369701987210297e-16
375,2025-09-18,1,"Paradip, India","Qingdao, China",Iron Ore,43.13,599.18,100.8,95.5,4.1,2026-09-09 06:56:12.007816+00:00,38.34,43.05,40.83,37.66,42.10142857142857,41.666428571428575,0.9382151240772261,1.0554972716756783,595.1,9,-1.0,-1.8369701987210297e-16
376,2025-09-19,1,"Paradip, India","Qingdao, China",Iron Ore,40.78,603.29,105.1,104.1,1.6,2026-09-09 06:56:12.007816+00:00,40.56,43.13,41.84,43.12,41.949999999999996,41.49928571428571,1.0644873570564342,1.0096060509504274,599.18,9,-1.0,-1.8369701987210297e-16
377,2025-09-20,1,"Paradip, India","Qingdao, China",Iron Ore,42.07,602.99,100.9,94.2,4.3,2026-09-09 06:56:12.007816+00:00,42.43,40.78,40.91,43.22,42.11571428571428,41.417142857142856,0.9608478398935972,1.071125151685228,603.29,9,-1.0,-1.8369701987210297e-16
378,2025-09-21,1,"Paradip, India","Qingdao, China",Iron Ore,42.09,606.49,111.1,114.8,4.5,2026-09-09 06:56:12.007816+00:00,41.04,42.07,43.0,39.05,41.98571428571428,41.63428571428572,0.879372070340472,0.9677699505426872,602.99,9,-1.0,-1.8369701987210297e-16
379,2025-09-22,1,"Paradip, India","Qingdao, China",Iron Ore,37.5,610.34,87.9,103.8,1.3,2026-09-09 06:56:12.007816+00:00,38.29,42.09,41.3,39.44,41.44285714285714,41.49571428571428,1.9247659103183412,0.8468207276665967,606.49,9,-1.0,-1.8369701987210297e-16
380,2025-09-23,1,"Paradip, India","Qingdao, China",Iron Ore,40.65,607.07,89.7,111.4,5.3,2026-09-09 06:56:12.007816+00:00,37.44,37.5,41.48,39.42,41.324285714285715,41.58357142857143,1.9475271255522266,0.8052063909150456,610.34,9,-1.0,-1.8369701987210297e-16
381,2025-09-24,1,"Paradip, India","Qingdao, China",Iron Ore,41.56,607.24,114.5,111.9,2.6,2026-09-09 06:56:12.007816+00:00,36.31,40.65,43.05,43.54,41.111428571428576,41.442142857142855,1.803583734045679,1.0232349398360197,607.07,9,-1.0,-1.8369701987210297e-16
382,2025-09-25,1,"Paradip, India","Qingdao, China",Iron Ore,40.94,604.75,85.6,89.9,3.2,2026-09-09 06:56:12.007816+00:00,39.93,41.56,43.13,40.83,40.798571428571435,41.45,1.5698771562495673,0.9521689708377117,607.24,9,-1.0,-1.8369701987210297e-16
383,2025-09-26,1,"Paradip, India","Qingdao, China",Iron Ore,42.73,606.47,104.9,94.1,3.7,2026-09-09 06:56:12.007816+00:00,42.72,40.94,40.78,41.84,41.07714285714286,41.513571428571424,1.7307966786589977,1.1147714011932623,604.75,9,-1.0,-1.8369701987210297e-16
384,2025-09-27,1,"Paradip, India","Qingdao, China",Iron Ore,42.87,607.12,108.8,86.8,1.1,2026-09-09 06:56:12.007816+00:00,45.73,42.73,42.07,40.91,41.191428571428574,41.653571428571425,1.8308051832588483,1.2534560767907745,606.47,9,-1.0,-1.8369701987210297e-16
385,2025-09-28,1,"Paradip, India","Qingdao, China",Iron Ore,39.57,605.17,105.9,111.3,3.2,2026-09-09 06:56:12.007816+00:00,40.06,42.87,42.09,43.0,40.83142857142857,41.40857142857143,1.8719635731091429,0.9514823942962809,607.12,9,-1.0,-1.8369701987210297e-16
386,2025-09-29,1,"Paradip, India","Qingdao, China",Iron Ore,40.64,604.44,90.0,95.1,4.6,2026-09-09 06:56:12.007816+00:00,42.61,39.57,37.5,41.3,41.279999999999994,41.36142857142857,1.1940965901745513,0.946372140234265,605.17,9,-1.0,-1.8369701987210297e-16
387,2025-09-30,1,"Paradip, India","Qingdao, China",Iron Ore,36.84,601.64,100.6,114.6,2.4,2026-09-09 06:56:12.007816+00:00,39.32,40.64,40.65,41.48,40.73571428571428,41.03000000000001,2.073570649410139,0.8778358745343914,604.44,9,-1.0,-1.8369701987210297e-16
388,2025-10-01,1,"Paradip, India","Qingdao, China",Iron Ore,40.96,605.06,89.6,88.1,2.2,2026-09-09 06:56:12.007816+00:00,40.03,36.84,41.56,43.05,40.65,40.880714285714284,2.0460368194797067,1.0170259912569817,601.64,10,-0.8660254037844386,0.5000000000000001
389,2025-10-02,1,"Paradip, India","Qingdao, China",Iron Ore,40.31,601.08,102.4,97.1,3.1,2026-09-09 06:56:12.007816+00:00,41.71,40.96,40.94,43.13,40.56,40.67928571428571,2.0450101874236846,1.0545827956145422,605.06,10,-0.8660254037844386,0.5000000000000001
390,2025-10-03,1,"Paradip, India","Qingdao, China",Iron Ore,43.56,597.77,104.6,85.8,3.1,2026-09-09 06:56:12.007816+00:00,43.13,40.31,42.73,40.78,40.67857142857143,40.87785714285714,2.2092640446645544,1.2191140770263313,601.08,10,-0.8660254037844386,0.5000000000000001
391,2025-10-04,1,"Paradip, India","Qingdao, China",Iron Ore,36.75,599.05,86.4,105.8,1.5,2026-09-09 06:56:12.007816+00:00,38.77,43.56,42.87,42.07,39.80428571428571,40.497857142857136,2.400200388459695,0.8166350834938485,597.77,10,-0.8660254037844386,0.5000000000000001
392,2025-10-05,1,"Paradip, India","Qingdao, China",Iron Ore,40.65,595.69,109.8,101.4,3.5,2026-09-09 06:56:12.007816+00:00,43.44,36.75,39.57,42.09,39.95857142857143,40.395,2.4172810384909216,1.082840129897423,599.05,10,-0.8660254037844386,0.5000000000000001
393,2025-10-06,1,"Paradip, India","Qingdao, China",Iron Ore,37.93,592.68,96.1,103.8,1.8,2026-09-09 06:56:12.007816+00:00,42.72,40.65,40.64,37.5,39.57142857142857,40.425714285714285,2.505363769804265,0.9258187932737193,595.69,10,-0.8660254037844386,0.5000000000000001
394,2025-10-07,1,"Paradip, India","Qingdao, China",Iron Ore,38.44,590.69,87.2,103.0,5.5,2026-09-09 06:56:12.007816+00:00,42.1,37.93,36.84,40.65,39.800000000000004,40.267857142857146,2.2772351657218386,0.8466018595532175,592.68,10,-0.8660254037844386,0.5000000000000001
395,2025-10-08,1,"Paradip, India","Qingdao, China",Iron Ore,41.35,593.86,92.7,89.7,4.0,2026-09-09 06:56:12.007816+00:00,40.45,38.44,40.96,41.56,39.855714285714285,40.25285714285714,2.314806378820641,1.0334447008422853,590.69,10,-0.8660254037844386,0.5000000000000001
396,2025-10-09,1,"Paradip, India","Qingdao, China",Iron Ore,39.06,595.87,96.7,96.8,1.7,2026-09-09 06:56:12.007816+00:00,41.67,41.35,40.31,40.94,39.67714285714286,40.11857142857143,2.322123412494982,0.9989668389497067,593.86,10,-0.8660254037844386,0.5000000000000001
397,2025-10-10,1,"Paradip, India","Qingdao, China",Iron Ore,41.65,598.15,93.0,96.5,3.9,2026-09-09 06:56:12.007816+00:00,44.29,39.06,43.56,42.73,39.40428571428571,40.041428571428575,1.8550818233783721,0.963730470079744,595.87,10,-0.8660254037844386,0.5000000000000001
398,2025-10-11,1,"Paradip, India","Qingdao, China",Iron Ore,44.74,595.72,104.7,92.3,4.4,2026-09-09 06:56:12.007816+00:00,42.59,41.65,36.75,42.87,40.54571428571428,40.175000000000004,2.343521973034441,1.1343444058131738,598.15,10,-0.8660254037844386,0.5000000000000001
399,2025-10-12,1,"Paradip, India","Qingdao, China",Iron Ore,41.02,591.9,99.6,101.2,5.0,2026-09-09 06:56:12.007816+00:00,40.94,44.74,40.65,39.57,40.598571428571425,40.278571428571425,2.350428532356233,0.9841896260682187,595.72,10,-0.8660254037844386,0.5000000000000001
400,2025-10-13,1,"Paradip, India","Qingdao, China",Iron Ore,38.62,591.56,92.5,94.6,1.4,2026-09-09 06:56:12.007816+00:00,41.9,41.02,37.93,40.64,40.69714285714286,40.13428571428572,2.2313128742641872,0.9778011651372975,591.9,10,-0.8660254037844386,0.5000000000000001
401,2025-10-14,1,"Paradip, India","Qingdao, China",Iron Ore,44.48,595.22,113.8,99.0,5.4,2026-09-09 06:56:12.007816+00:00,44.32,38.62,38.44,36.84,41.56,40.68,2.3761383236952116,1.1494948333843602,591.56,10,-0.8660254037844386,0.5000000000000001
402,2025-10-15,1,"Paradip, India","Qingdao, China",Iron Ore,43.28,594.71,113.1,101.4,3.0,2026-09-09 06:56:12.007816+00:00,42.51,44.48,41.35,40.96,41.83571428571428,40.84571428571429,2.458264002250693,1.1153845053861433,595.22,10,-0.8660254037844386,0.5000000000000001
403,2025-10-16,1,"Paradip, India","Qingdao, China",Iron Ore,38.54,595.57,91.6,100.0,1.5,2026-09-09 06:56:12.007816+00:00,39.96,43.28,39.06,40.31,41.76142857142857,40.71928571428571,2.5617990330457223,0.9159999084000091,594.71,10,-0.8660254037844386,0.5000000000000001
404,2025-10-17,1,"Paradip, India","Qingdao, China",Iron Ore,40.63,598.88,97.9,101.8,3.0,2026-09-09 06:56:12.007816+00:00,40.58,38.54,41.65,43.56,41.61571428571428,40.510000000000005,2.5979469916509688,0.9616894929578101,595.57,10,-0.8660254037844386,0.5000000000000001
405,2025-10-18,1,"Paradip, India","Qingdao, China",Iron Ore,38.34,602.38,88.0,99.2,3.6,2026-09-09 06:56:12.007816+00:00,42.61,40.63,44.74,36.75,40.70142857142857,40.62357142857143,2.436311615067795,0.8870966847684792,598.88,10,-0.8660254037844386,0.5000000000000001
406,2025-10-19,1,"Paradip, India","Qingdao, China",Iron Ore,40.56,602.35,88.1,102.0,4.8,2026-09-09 06:56:12.007816+00:00,40.65,38.34,41.02,40.65,40.635714285714286,40.61714285714286,2.4324874589800487,0.8637254055171171,602.38,10,-0.8660254037844386,0.5000000000000001
407,2025-10-20,1,"Paradip, India","Qingdao, China",Iron Ore,42.43,601.6,90.3,87.6,4.8,2026-09-09 06:56:12.007816+00:00,39.39,40.56,38.62,37.93,41.18,40.93857142857143,2.3304005378188775,1.0308218001344978,602.35,10,-0.8660254037844386,0.5000000000000001
408,2025-10-21,1,"Paradip, India","Qingdao, China",Iron Ore,41.04,601.69,95.7,88.3,2.0,2026-09-09 06:56:12.007816+00:00,40.19,42.43,44.48,38.44,40.68857142857143,41.12428571428571,1.826822638457526,1.0838050867717908,601.6,10,-0.8660254037844386,0.5000000000000001
409,2025-10-22,1,"Paradip, India","Qingdao, China",Iron Ore,38.29,597.72,99.5,110.6,4.3,2026-09-09 06:56:12.007816+00:00,39.86,41.04,43.28,41.35,39.97571428571428,40.90571428571429,1.6074913907790296,0.8996382550055827,601.69,10,-0.8660254037844386,0.5000000000000001
410,2025-10-23,1,"Paradip, India","Qingdao, China",Iron Ore,37.44,601.56,97.2,111.0,2.0,2026-09-09 06:56:12.007816+00:00,41.13,38.29,38.54,39.06,39.81857142857143,40.79,1.8119918006752813,0.8756755967859823,597.72,10,-0.8660254037844386,0.5000000000000001
411,2025-10-24,1,"Paradip, India","Qingdao, China",Iron Ore,36.31,599.36,88.0,106.9,2.3,2026-09-09 06:56:12.007816+00:00,42.07,37.44,40.63,41.65,39.20142857142857,40.40857142857143,2.1865301931861314,0.8231991746305729,601.56,10,-0.8660254037844386,0.5000000000000001
412,2025-10-25,1,"Paradip, India","Qingdao, China",Iron Ore,39.93,599.51,106.4,111.0,3.1,2026-09-09 06:56:12.007816+00:00,43.24,36.31,38.34,44.74,39.42857142857143,40.065,2.164604879813989,0.9585584722019395,599.36,10,-0.8660254037844386,0.5000000000000001
413,2025-10-26,1,"Paradip, India","Qingdao, China",Iron Ore,42.72,597.01,112.6,98.2,3.2,2026-09-09 06:56:12.007816+00:00,43.34,39.93,40.56,41.02,39.737142857142864,40.18642857142857,2.483275486702458,1.1466393944359068,599.51,10,-0.8660254037844386,0.5000000000000001
414,2025-10-27,1,"Paradip, India","Qingdao, China",Iron Ore,45.73,597.33,104.9,89.9,5.3,2026-09-09 06:56:12.007816+00:00,37.86,42.72,42.43,38.62,40.208571428571425,40.69428571428572,3.2687175292022963,1.1668519280476164,597.01,10,-0.8660254037844386,0.5000000000000001
415,2025-10-28,1,"Paradip, India","Qingdao, China",Iron Ore,40.06,595.77,105.7,102.9,1.2,2026-09-09 06:56:12.007816+00:00,38.85,45.73,41.04,44.48,40.06857142857143,40.378571428571426,3.2480939465653385,1.0272107845276204,597.33,10,-0.8660254037844386,0.5000000000000001
416,2025-10-29,1,"Paradip, India","Qingdao, China",Iron Ore,42.61,594.95,92.2,87.9,4.1,2026-09-09 06:56:12.007816+00:00,39.91,40.06,38.29,43.28,40.685714285714276,40.330714285714286,3.264204125269826,1.0489191070626727,595.77,10,-0.8660254037844386,0.5000000000000001
417,2025-10-30,1,"Paradip, India","Qingdao, China",Iron Ore,39.32,597.55,88.7,97.5,4.8,2026-09-09 06:56:12.007816+00:00,37.63,42.61,37.44,38.54,40.95428571428572,40.38642857142857,3.0209207048119984,0.9097434964365645,594.95,10,-0.8660254037844386,0.5000000000000001
418,2025-10-31,1,"Paradip, India","Qingdao, China",Iron Ore,40.03,597.44,87.8,92.3,2.5,2026-09-09 06:56:12.007816+00:00,39.39,39.32,36.31,40.63,41.48571428571428,40.34357142857142,2.311701084647778,0.9512458341012097,597.55,10,-0.8660254037844386,0.5000000000000001
419,2025-11-01,1,"Paradip, India","Qingdao, China",Iron Ore,41.71,600.0,112.2,99.6,3.9,2026-09-09 06:56:12.007816+00:00,40.13,40.03,39.93,38.34,41.74,40.58428571428572,2.207608057000402,1.1265059109933826,597.44,11,-0.5000000000000004,0.8660254037844384
420,2025-11-02,1,"Paradip, India","Qingdao, China",Iron Ore,43.13,602.63,114.2,88.2,2.8,2026-09-09 06:56:12.007816+00:00,38.07,41.71,42.72,40.56,41.798571428571435,40.767857142857146,2.2430962869169706,1.29478443369791,600.0,11,-0.5000000000000004,0.8660254037844384
421,2025-11-03,1,"Paradip, India","Qingdao, China",Iron Ore,38.77,602.45,94.8,88.1,1.2,2026-09-09 06:56:12.007816+00:00,39.58,43.13,45.73,42.43,40.80428571428571,40.50642857142857,1.682496727513959,1.0760498211067173,602.63,11,-0.5000000000000004,0.8660254037844384
422,2025-11-04,1,"Paradip, India","Qingdao, China",Iron Ore,43.44,605.32,109.3,91.6,2.3,2026-09-09 06:56:12.007816+00:00,43.48,38.77,40.06,41.04,41.287142857142854,40.67785714285714,1.9037569372665006,1.193231310782608,602.45,11,-0.5000000000000004,0.8660254037844384
423,2025-11-05,1,"Paradip, India","Qingdao, China",Iron Ore,42.72,607.79,114.3,101.8,3.1,2026-09-09 06:56:12.007816+00:00,37.0,43.44,42.61,38.29,41.30285714285714,40.99428571428571,1.9169047471180345,1.1227896735962992,605.32,11,-0.5000000000000004,0.8660254037844384
424,2025-11-06,1,"Paradip, India","Qingdao, China",Iron Ore,42.1,609.36,89.0,87.0,4.2,2026-09-09 06:56:12.007816+00:00,41.33,42.72,39.32,37.44,41.7,41.32714285714286,1.7149732748159958,1.0229883881622541,607.79,11,-0.5000000000000004,0.8660254037844384
425,2025-11-07,1,"Paradip, India","Qingdao, China",Iron Ore,40.45,611.42,109.8,100.2,1.5,2026-09-09 06:56:12.007816+00:00,40.97,42.1,40.03,36.31,41.76,41.62285714285714,1.6530376079608984,1.0958082738714297,609.36,11,-0.5000000000000004,0.8660254037844384
426,2025-11-08,1,"Paradip, India","Qingdao, China",Iron Ore,41.67,611.13,103.5,94.8,3.4,2026-09-09 06:56:12.007816+00:00,39.34,40.45,41.71,39.93,41.75428571428572,41.74714285714286,1.6533083715472825,1.0917720367329076,611.42,11,-0.5000000000000004,0.8660254037844384
427,2025-11-09,1,"Paradip, India","Qingdao, China",Iron Ore,44.29,611.73,111.7,99.9,3.4,2026-09-09 06:56:12.007816+00:00,38.43,41.67,43.13,42.72,41.92,41.85928571428571,1.8594622878670384,1.1181180061943936,611.13,11,-0.5000000000000004,0.8660254037844384
428,2025-11-10,1,"Paradip, India","Qingdao, China",Iron Ore,42.59,611.62,96.2,105.1,5.5,2026-09-09 06:56:12.007816+00:00,44.1,44.29,38.77,45.73,42.465714285714284,41.635,1.2374282085956285,0.9153186569630203,611.73,11,-0.5000000000000004,0.8660254037844384
429,2025-11-11,1,"Paradip, India","Qingdao, China",Iron Ore,40.94,612.06,104.8,102.4,3.7,2026-09-09 06:56:12.007816+00:00,39.12,42.59,43.44,40.06,42.10857142857143,41.69785714285715,1.2697168788279698,1.0234374000549413,611.62,11,-0.5000000000000004,0.8660254037844384
430,2025-11-12,1,"Paradip, India","Qingdao, China",Iron Ore,41.9,613.26,107.3,114.1,5.2,2026-09-09 06:56:12.007816+00:00,36.99,40.94,42.72,42.61,41.99142857142857,41.64714285714286,1.24141624192452,0.9404030727078815,612.06,11,-0.5000000000000004,0.8660254037844384
431,2025-11-13,1,"Paradip, India","Qingdao, China",Iron Ore,44.32,616.94,92.4,85.9,4.9,2026-09-09 06:56:12.007816+00:00,38.46,41.9,42.1,39.32,42.30857142857143,42.00428571428571,1.5249636998020437,1.075669257780063,613.26,11,-0.5000000000000004,0.8660254037844384
432,2025-11-14,1,"Paradip, India","Qingdao, China",Iron Ore,42.51,613.03,92.8,88.2,4.3,2026-09-09 06:56:12.007816+00:00,37.43,44.32,40.45,40.03,42.60285714285714,42.18142857142857,1.286671601273381,1.0521540757194925,616.94,11,-0.5000000000000004,0.8660254037844384
433,2025-11-15,1,"Paradip, India","Qingdao, China",Iron Ore,39.96,615.25,101.4,112.7,4.4,2026-09-09 06:56:12.007816+00:00,42.76,42.51,41.67,41.71,42.35857142857143,42.05642857142857,1.6139953384011347,0.8997337267317013,613.03,11,-0.5000000000000004,0.8660254037844384
434,2025-11-16,1,"Paradip, India","Qingdao, China",Iron Ore,40.58,616.79,97.0,108.0,3.7,2026-09-09 06:56:12.007816+00:00,43.1,39.96,44.29,43.13,41.82857142857143,41.87428571428571,1.4774124742425052,0.8981480649862903,615.25,11,-0.5000000000000004,0.8660254037844384
435,2025-11-17,1,"Paradip, India","Qingdao, China",Iron Ore,42.61,617.63,114.1,106.3,5.0,2026-09-09 06:56:12.007816+00:00,40.31,40.58,42.59,38.77,41.83142857142857,42.14857142857143,1.479148725578565,1.0733771332664972,616.79,11,-0.5000000000000004,0.8660254037844384
436,2025-11-18,1,"Paradip, India","Qingdao, China",Iron Ore,40.65,618.38,87.5,96.6,2.9,2026-09-09 06:56:12.007816+00:00,40.87,42.61,40.94,43.44,41.79,41.94928571428572,1.5119744265914075,0.9057970076814692,617.63,11,-0.5000000000000004,0.8660254037844384
437,2025-11-19,1,"Paradip, India","Qingdao, China",Iron Ore,39.39,614.75,94.8,98.6,2.9,2026-09-09 06:56:12.007816+00:00,41.3,40.65,41.9,42.72,41.43142857142857,41.71142857142858,1.7589905113579893,0.961460348736273,618.38,11,-0.5000000000000004,0.8660254037844384
438,2025-11-20,1,"Paradip, India","Qingdao, China",Iron Ore,40.19,616.97,87.7,95.0,4.2,2026-09-09 06:56:12.007816+00:00,42.72,39.39,44.32,42.1,40.84142857142857,41.574999999999996,1.2466545708605743,0.9231577975623371,614.75,11,-0.5000000000000004,0.8660254037844384
439,2025-11-21,1,"Paradip, India","Qingdao, China",Iron Ore,39.86,613.05,105.3,107.9,3.7,2026-09-09 06:56:12.007816+00:00,40.32,40.19,42.51,40.45,40.462857142857146,41.53285714285714,1.0408924742052672,0.9759035240126482,616.97,11,-0.5000000000000004,0.8660254037844384
440,2025-11-22,1,"Paradip, India","Qingdao, China",Iron Ore,41.13,617.1,87.3,87.0,3.8,2026-09-09 06:56:12.007816+00:00,37.45,39.86,39.96,41.67,40.63,41.49428571428571,1.0406248123122903,1.0034481605232,613.05,11,-0.5000000000000004,0.8660254037844384
441,2025-11-23,1,"Paradip, India","Qingdao, China",Iron Ore,42.07,615.81,92.3,87.0,4.4,2026-09-09 06:56:12.007816+00:00,37.67,41.13,40.58,44.29,40.84285714285714,41.33571428571429,1.1726993687743497,1.0609194182851243,617.1,11,-0.5000000000000004,0.8660254037844384
442,2025-11-24,1,"Paradip, India","Qingdao, China",Iron Ore,43.24,616.05,109.9,109.1,4.6,2026-09-09 06:56:12.007816+00:00,37.94,42.07,42.61,42.59,40.93285714285714,41.38214285714286,1.3427672209000863,1.0073326299420138,615.81,11,-0.5000000000000004,0.8660254037844384
443,2025-11-25,1,"Paradip, India","Qingdao, China",Iron Ore,43.34,620.04,100.7,99.6,5.2,2026-09-09 06:56:12.007816+00:00,38.67,43.24,40.65,40.94,41.31714285714286,41.55357142857143,1.60720994568963,1.011044075196378,616.05,11,-0.5000000000000004,0.8660254037844384
444,2025-11-26,1,"Paradip, India","Qingdao, China",Iron Ore,37.86,616.84,95.9,113.4,2.8,2026-09-09 06:56:12.007816+00:00,38.07,43.34,39.39,41.9,41.098571428571425,41.265,1.9749382148261885,0.8456789377708167,620.04,11,-0.5000000000000004,0.8660254037844384
445,2025-11-27,1,"Paradip, India","Qingdao, China",Iron Ore,38.85,613.71,110.7,106.3,1.2,2026-09-09 06:56:12.007816+00:00,43.21,37.86,40.19,44.32,40.90714285714286,40.87428571428571,2.13605332553374,1.0413921880157866,616.84,11,-0.5000000000000004,0.8660254037844384
446,2025-11-28,1,"Paradip, India","Qingdao, China",Iron Ore,39.91,609.93,92.0,91.9,3.0,2026-09-09 06:56:12.007816+00:00,42.93,38.85,39.86,42.51,40.91428571428572,40.688571428571436,2.132047975874021,1.0010880303495069,613.71,11,-0.5000000000000004,0.8660254037844384
447,2025-11-29,1,"Paradip, India","Qingdao, China",Iron Ore,37.63,607.06,89.9,97.3,1.1,2026-09-09 06:56:12.007816+00:00,41.52,39.91,41.13,39.96,40.41428571428572,40.52214285714286,2.458447051445679,0.9239464620815558,609.93,11,-0.5000000000000004,0.8660254037844384
448,2025-11-30,1,"Paradip, India","Qingdao, China",Iron Ore,39.39,606.33,107.5,114.5,2.1,2026-09-09 06:56:12.007816+00:00,38.55,37.63,42.07,40.58,40.03142857142858,40.43714285714286,2.3645114264292357,0.9388645468240571,607.06,11,-0.5000000000000004,0.8660254037844384
449,2025-12-01,1,"Paradip, India","Qingdao, China",Iron Ore,40.13,602.5,104.0,104.7,4.2,2026-09-09 06:56:12.007816+00:00,40.91,39.39,43.24,42.61,39.58714285714286,40.26,1.9095611562670742,0.9933141362641703,606.33,12,-2.4492935982947064e-16,1.0
450,2025-12-02,1,"Paradip, India","Qingdao, China",Iron Ore,38.07,601.02,102.3,101.1,1.2,2026-09-09 06:56:12.007816+00:00,41.34,40.13,43.34,40.65,38.83428571428572,40.075714285714284,1.0106739853990085,1.0118693361157927,602.5,12,-2.4492935982947064e-16,1.0
451,2025-12-03,1,"Paradip, India","Qingdao, China",Iron Ore,39.58,598.79,92.8,97.2,1.0,2026-09-09 06:56:12.007816+00:00,39.43,38.07,37.86,39.39,39.08,40.089285714285715,0.9410100955889632,0.9547324120645666,601.02,12,-2.4492935982947064e-16,1.0
452,2025-12-04,1,"Paradip, India","Qingdao, China",Iron Ore,43.48,595.02,91.2,85.6,4.9,2026-09-09 06:56:12.007816+00:00,37.8,39.58,38.85,40.19,39.74142857142857,40.32428571428572,1.8955072194660216,1.0654204362826594,598.79,12,-2.4492935982947064e-16,1.0
453,2025-12-05,1,"Paradip, India","Qingdao, China",Iron Ore,37.0,593.96,86.3,102.0,1.6,2026-09-09 06:56:12.007816+00:00,41.99,43.48,39.91,39.86,39.32571428571429,40.120000000000005,2.1538713760951915,0.8460783484236912,595.02,12,-2.4492935982947064e-16,1.0
454,2025-12-06,1,"Paradip, India","Qingdao, China",Iron Ore,41.33,592.0,92.0,93.9,4.3,2026-09-09 06:56:12.007816+00:00,44.98,37.0,37.63,41.13,39.854285714285716,40.13428571428572,2.1221440191691516,0.979765603858828,593.96,12,-2.4492935982947064e-16,1.0
455,2025-12-07,1,"Paradip, India","Qingdao, China",Iron Ore,40.97,592.52,107.6,100.2,1.2,2026-09-09 06:56:12.007816+00:00,40.56,41.33,39.39,42.07,40.08,40.05571428571428,2.148394749574693,1.0738521882383045,592.0,12,-2.4492935982947064e-16,1.0
456,2025-12-08,1,"Paradip, India","Qingdao, China",Iron Ore,39.34,592.35,111.7,102.9,1.5,2026-09-09 06:56:12.007816+00:00,43.53,40.97,40.13,43.24,39.96714285714285,39.777142857142856,2.1660079584781333,1.0855198167619224,592.52,12,-2.4492935982947064e-16,1.0
457,2025-12-09,1,"Paradip, India","Qingdao, China",Iron Ore,38.43,596.46,95.1,92.3,1.6,2026-09-09 06:56:12.007816+00:00,39.21,39.34,38.07,43.34,40.01857142857143,39.426428571428566,2.117179165552066,1.030335749692768,592.35,12,-2.4492935982947064e-16,1.0
458,2025-12-10,1,"Paradip, India","Qingdao, China",Iron Ore,44.1,594.23,107.1,90.9,5.4,2026-09-09 06:56:12.007816+00:00,38.88,38.43,39.58,37.86,40.66428571428571,39.872142857142855,2.596207857259354,1.1782176921652703,596.46,12,-2.4492935982947064e-16,1.0
459,2025-12-11,1,"Paradip, India","Qingdao, China",Iron Ore,39.12,597.82,92.3,107.1,4.6,2026-09-09 06:56:12.007816+00:00,42.43,44.1,43.48,38.85,40.041428571428575,39.89142857142857,2.3159837979530584,0.8618113107552464,594.23,12,-2.4492935982947064e-16,1.0
460,2025-12-12,1,"Paradip, India","Qingdao, China",Iron Ore,36.99,597.34,96.3,111.0,2.8,2026-09-09 06:56:12.007816+00:00,40.88,39.12,37.0,39.91,40.040000000000006,39.68285714285714,2.31817456921032,0.8675674894083343,597.82,12,-2.4492935982947064e-16,1.0
461,2025-12-13,1,"Paradip, India","Qingdao, China",Iron Ore,38.46,595.74,101.4,113.8,4.2,2026-09-09 06:56:12.007816+00:00,37.15,36.99,41.33,37.63,39.629999999999995,39.74214285714286,2.3057609011633353,0.891036828555639,597.34,12,-2.4492935982947064e-16,1.0
462,2025-12-14,1,"Paradip, India","Qingdao, China",Iron Ore,37.43,591.98,93.6,106.1,2.5,2026-09-09 06:56:12.007816+00:00,39.97,38.46,40.97,39.39,39.12428571428571,39.60214285714285,2.350651378822955,0.8821865332529186,595.74,12,-2.4492935982947064e-16,1.0
463,2025-12-15,1,"Paradip, India","Qingdao, China",Iron Ore,42.76,595.67,106.0,103.2,4.3,2026-09-09 06:56:12.007816+00:00,42.67,37.43,39.34,40.13,39.61285714285714,39.79,2.7280744997508215,1.0271316834174724,591.98,12,-2.4492935982947064e-16,1.0
464,2025-12-16,1,"Paradip, India","Qingdao, China",Iron Ore,43.1,593.42,114.8,100.8,4.6,2026-09-09 06:56:12.007816+00:00,36.76,42.76,38.43,38.07,40.279999999999994,40.14928571428572,2.952394508417426,1.1388887759038913,595.67,12,-2.4492935982947064e-16,1.0
465,2025-12-17,1,"Paradip, India","Qingdao, China",Iron Ore,40.31,591.03,88.2,96.4,5.1,2026-09-09 06:56:12.007816+00:00,39.49,43.1,44.1,39.58,39.73857142857143,40.20142857142857,2.4377683002521935,0.9149376644255535,593.42,12,-2.4492935982947064e-16,1.0
466,2025-12-18,1,"Paradip, India","Qingdao, China",Iron Ore,40.87,591.39,92.1,89.7,3.4,2026-09-09 06:56:12.007816+00:00,38.22,40.31,39.12,43.48,39.988571428571426,40.015,2.453442673546922,1.0267557383772865,591.03,12,-2.4492935982947064e-16,1.0
467,2025-12-19,1,"Paradip, India","Qingdao, China",Iron Ore,41.3,594.8,106.0,104.2,3.3,2026-09-09 06:56:12.007816+00:00,38.04,40.87,36.99,37.0,40.604285714285716,40.32214285714286,2.089296988166561,1.0172743745418067,591.39,12,-2.4492935982947064e-16,1.0
468,2025-12-20,1,"Paradip, India","Qingdao, China",Iron Ore,42.72,594.64,105.4,99.4,4.0,2026-09-09 06:56:12.007816+00:00,43.19,41.3,38.46,41.33,41.212857142857146,40.42142857142858,1.9780774697140326,1.060362066361965,594.8,12,-2.4492935982947064e-16,1.0
469,2025-12-21,1,"Paradip, India","Qingdao, China",Iron Ore,40.32,596.34,107.9,105.2,1.4,2026-09-09 06:56:12.007816+00:00,43.73,42.72,37.43,40.97,41.62571428571429,40.375,1.2090472439466207,1.025665301742842,594.64,12,-2.4492935982947064e-16,1.0
470,2025-12-22,1,"Paradip, India","Qingdao, China",Iron Ore,37.45,594.69,93.0,106.8,2.6,2026-09-09 06:56:12.007816+00:00,39.91,40.32,42.76,39.34,40.86714285714286,40.24,1.8660449644967545,0.8707864353196222,596.34,12,-2.4492935982947064e-16,1.0
471,2025-12-23,1,"Paradip, India","Qingdao, China",Iron Ore,37.67,596.26,92.4,103.7,2.0,2026-09-09 06:56:12.007816+00:00,38.03,37.45,43.1,38.43,40.09142857142857,40.18571428571429,1.911224987378786,0.8910317366411055,594.69,12,-2.4492935982947064e-16,1.0
472,2025-12-24,1,"Paradip, India","Qingdao, China",Iron Ore,37.94,592.35,91.1,97.9,2.1,2026-09-09 06:56:12.007816+00:00,41.63,37.67,40.31,44.1,39.75285714285714,39.74571428571429,2.069425961353532,0.9305412736934346,596.26,12,-2.4492935982947064e-16,1.0
473,2025-12-25,1,"Paradip, India","Qingdao, China",Iron Ore,38.67,593.65,85.4,92.8,1.4,2026-09-09 06:56:12.007816+00:00,46.05,37.94,40.87,39.12,39.43857142857143,39.71357142857143,2.038311626252118,0.9202585215238662,592.35,12,-2.4492935982947064e-16,1.0
474,2025-12-26,1,"Paradip, India","Qingdao, China",Iron Ore,38.07,590.56,111.7,110.3,1.2,2026-09-09 06:56:12.007816+00:00,39.13,38.67,41.3,36.99,38.97714285714285,39.79071428571429,1.9081379604711175,1.0126925645790965,593.65,12,-2.4492935982947064e-16,1.0
475,2025-12-27,1,"Paradip, India","Qingdao, China",Iron Ore,43.21,591.96,112.2,92.4,4.4,2026-09-09 06:56:12.007816+00:00,39.93,38.07,42.72,38.46,39.047142857142866,40.129999999999995,2.0704163372433557,1.2142855828695256,590.56,12,-2.4492935982947064e-16,1.0
476,2025-12-28,1,"Paradip, India","Qingdao, China",Iron Ore,42.93,594.83,101.4,92.4,3.3,2026-09-09 06:56:12.007816+00:00,36.24,43.21,40.32,37.43,39.42,40.52285714285715,2.523324526624933,1.0974024786360954,591.96,12,-2.4492935982947064e-16,1.0
477,2025-12-29,1,"Paradip, India","Qingdao, China",Iron Ore,41.52,597.01,88.1,100.5,5.5,2026-09-09 06:56:12.007816+00:00,41.07,42.93,37.45,42.76,40.00142857142857,40.434285714285714,2.4618991894567355,0.8766168281973304,594.83,12,-2.4492935982947064e-16,1.0
478,2025-12-30,1,"Paradip, India","Qingdao, China",Iron Ore,38.55,594.04,103.1,100.2,1.8,2026-09-09 06:56:12.007816+00:00,39.29,41.52,37.67,43.1,40.12714285714286,40.10928571428571,2.342582010558126,1.0289420130796394,597.01,12,-2.4492935982947064e-16,1.0
479,2025-12-31,1,"Paradip, India","Qingdao, China",Iron Ore,40.91,593.24,110.8,107.2,4.2,2026-09-09 06:56:12.007816+00:00,42.71,38.55,37.94,40.31,40.55142857142857,40.152142857142856,2.1406885852565227,1.033581993136008,594.04,12,-2.4492935982947064e-16,1.0
480,2026-01-01,1,"Paradip, India","Qingdao, China",Iron Ore,41.34,590.49,105.0,91.8,2.2,2026-09-09 06:56:12.007816+00:00,43.57,40.91,38.67,40.87,40.932857142857145,40.185714285714276,1.9815374021679033,1.143790725077263,593.24,1,0.49999999999999994,0.8660254037844387
481,2026-01-02,1,"Paradip, India","Qingdao, China",Iron Ore,39.43,594.1,113.5,112.6,3.1,2026-09-09 06:56:12.007816+00:00,41.41,41.34,38.07,41.3,41.12714285714286,40.05214285714286,1.7008499275921638,1.0079928056844756,590.49,1,0.49999999999999994,0.8660254037844387
482,2026-01-03,1,"Paradip, India","Qingdao, China",Iron Ore,37.8,592.52,109.8,111.2,1.1,2026-09-09 06:56:12.007816+00:00,42.54,39.43,43.21,42.72,40.354285714285716,39.700714285714284,1.8215273549310018,0.9874099831465841,594.1,1,0.49999999999999994,0.8660254037844387
483,2026-01-04,1,"Paradip, India","Qingdao, China",Iron Ore,41.99,590.12,108.0,109.3,5.0,2026-09-09 06:56:12.007816+00:00,39.7,37.8,42.93,40.32,40.220000000000006,39.82,1.623925285637674,0.9881060395145435,592.52,1,0.49999999999999994,0.8660254037844387
484,2026-01-05,1,"Paradip, India","Qingdao, China",Iron Ore,44.98,589.96,114.5,89.3,3.8,2026-09-09 06:56:12.007816+00:00,41.72,41.99,41.52,37.45,40.714285714285715,40.35785714285714,2.417994052535107,1.2821947052413545,590.12,1,0.49999999999999994,0.8660254037844387
485,2026-01-06,1,"Paradip, India","Qingdao, China",Iron Ore,40.56,590.84,112.5,111.9,1.6,2026-09-09 06:56:12.007816+00:00,43.91,44.98,38.55,37.67,41.00142857142857,40.56428571428571,2.2301975142082764,1.0053618404502376,589.96,1,0.49999999999999994,0.8660254037844387
486,2026-01-07,1,"Paradip, India","Qingdao, China",Iron Ore,43.53,593.53,108.3,102.6,5.5,2026-09-09 06:56:12.007816+00:00,42.95,40.56,40.91,37.94,41.37571428571429,40.96357142857143,2.423749554876001,1.0555554526749071,590.84,1,0.49999999999999994,0.8660254037844387
487,2026-01-08,1,"Paradip, India","Qingdao, China",Iron Ore,39.21,590.83,99.3,114.3,4.8,2026-09-09 06:56:12.007816+00:00,42.8,43.53,41.34,38.67,41.07142857142857,41.00214285714286,2.558915320804387,0.8687663281919222,593.53,1,0.49999999999999994,0.8660254037844387
488,2026-01-09,1,"Paradip, India","Qingdao, China",Iron Ore,38.88,592.27,100.2,109.1,4.8,2026-09-09 06:56:12.007816+00:00,36.83,39.21,39.43,38.07,40.99285714285714,41.059999999999995,2.625298169006769,0.9184233805294794,590.83,1,0.49999999999999994,0.8660254037844387
489,2026-01-10,1,"Paradip, India","Qingdao, China",Iron Ore,42.43,589.62,104.1,88.9,1.7,2026-09-09 06:56:12.007816+00:00,41.97,38.88,37.8,43.21,41.65428571428571,41.00428571428572,2.2420887370399782,1.1709784959529248,592.27,1,0.49999999999999994,0.8660254037844387
490,2026-01-11,1,"Paradip, India","Qingdao, China",Iron Ore,40.88,592.2,104.1,102.4,3.9,2026-09-09 06:56:12.007816+00:00,41.65,42.43,41.99,42.93,41.49571428571429,40.85785714285714,2.253610859212737,1.0166014632225133,589.62,1,0.49999999999999994,0.8660254037844387
491,2026-01-12,1,"Paradip, India","Qingdao, China",Iron Ore,37.15,590.78,106.5,114.2,2.0,2026-09-09 06:56:12.007816+00:00,44.67,40.88,44.98,41.52,40.37714285714286,40.54571428571428,2.1778866995761006,0.9325743491616156,592.2,1,0.49999999999999994,0.8660254037844387
492,2026-01-13,1,"Paradip, India","Qingdao, China",Iron Ore,39.97,594.06,91.8,89.4,2.4,2026-09-09 06:56:12.007816+00:00,41.46,37.15,40.56,38.55,40.292857142857144,40.64714285714286,2.1810449658035873,1.0268455227242144,590.78,1,0.49999999999999994,0.8660254037844387
493,2026-01-14,1,"Paradip, India","Qingdao, China",Iron Ore,42.67,596.05,102.9,95.2,5.0,2026-09-09 06:56:12.007816+00:00,44.97,39.97,43.53,40.91,40.17,40.77285714285714,1.9835910196745188,1.080882239403126,594.06,1,0.49999999999999994,0.8660254037844387
494,2026-01-15,1,"Paradip, India","Qingdao, China",Iron Ore,36.76,599.08,92.6,106.6,2.1,2026-09-09 06:56:12.007816+00:00,44.38,42.67,39.21,41.34,39.82,40.44571428571429,2.3613837751059226,0.8686678359598653,596.05,1,0.49999999999999994,0.8660254037844387
495,2026-01-16,1,"Paradip, India","Qingdao, China",Iron Ore,39.49,597.88,97.7,114.2,5.4,2026-09-09 06:56:12.007816+00:00,40.55,36.76,38.88,39.43,39.90714285714286,40.449999999999996,2.3319856652340905,0.8555165625642239,599.08,1,0.49999999999999994,0.8660254037844387
496,2026-01-17,1,"Paradip, India","Qingdao, China",Iron Ore,38.22,599.84,94.0,102.9,3.1,2026-09-09 06:56:12.007816+00:00,40.08,39.49,42.43,37.8,39.30571428571428,40.480000000000004,2.104699955994254,0.9135081716707315,597.88,1,0.49999999999999994,0.8660254037844387
497,2026-01-18,1,"Paradip, India","Qingdao, China",Iron Ore,38.04,603.48,99.5,103.1,2.1,2026-09-09 06:56:12.007816+00:00,41.09,38.22,40.88,41.99,38.9,40.19785714285714,2.022786856459942,0.9650823506224684,599.84,1,0.49999999999999994,0.8660254037844387
498,2026-01-19,1,"Paradip, India","Qingdao, China",Iron Ore,43.19,605.46,113.8,90.0,3.0,2026-09-09 06:56:12.007816+00:00,41.83,38.04,37.15,44.98,39.76285714285715,40.07,2.404161075342218,1.2644443039506328,603.48,1,0.49999999999999994,0.8660254037844387
499,2026-01-20,1,"Paradip, India","Qingdao, China",Iron Ore,43.73,605.1,98.8,98.2,5.2,2026-09-09 06:56:12.007816+00:00,43.27,43.19,39.97,40.56,40.300000000000004,40.29642857142858,2.838884757552988,1.0061098771782202,605.46,1,0.49999999999999994,0.8660254037844387
500,2026-01-21,1,"Paradip, India","Qingdao, China",Iron Ore,39.91,606.69,94.3,90.1,1.5,2026-09-09 06:56:12.007816+00:00,38.58,43.73,42.67,43.53,39.90571428571428,40.03785714285714,2.6395255706462413,1.0466147562025798,605.1,1,0.49999999999999994,0.8660254037844387
501,2026-01-22,1,"Paradip, India","Qingdao, China",Iron Ore,38.03,609.31,91.9,102.3,1.9,2026-09-09 06:56:12.007816+00:00,40.64,39.91,36.76,39.21,40.08714285714286,39.95357142857143,2.421946285433243,0.8983381331047768,606.69,1,0.49999999999999994,0.8660254037844387
502,2026-01-23,1,"Paradip, India","Qingdao, China",Iron Ore,41.63,609.78,109.0,89.8,1.3,2026-09-09 06:56:12.007816+00:00,42.59,38.03,39.49,38.88,40.392857142857146,40.15,2.468621169031504,1.213808328083705,609.31,1,0.49999999999999994,0.8660254037844387
503,2026-01-24,1,"Paradip, India","Qingdao, China",Iron Ore,46.05,610.98,108.3,90.1,5.3,2026-09-09 06:56:12.007816+00:00,43.48,41.63,38.22,42.43,41.51142857142857,40.40857142857143,3.0300738636289544,1.2019976468371092,609.78,1,0.49999999999999994,0.8660254037844387
504,2026-01-25,1,"Paradip, India","Qingdao, China",Iron Ore,39.13,608.93,94.3,112.4,4.5,2026-09-09 06:56:12.007816+00:00,47.07,46.05,38.04,40.88,41.667142857142856,40.28357142857143,2.8442556981027765,0.8389678968889771,610.98,1,0.49999999999999994,0.8660254037844387
505,2026-01-26,1,"Paradip, India","Qingdao, China",Iron Ore,39.93,609.41,92.8,112.5,5.1,2026-09-09 06:56:12.007816+00:00,41.12,39.13,43.19,37.15,41.201428571428565,40.482142857142854,2.820138463334863,0.8248888155654386,608.93,1,0.49999999999999994,0.8660254037844387
506,2026-01-27,1,"Paradip, India","Qingdao, China",Iron Ore,36.24,613.45,88.0,113.3,2.4,2026-09-09 06:56:12.007816+00:00,39.48,39.93,43.73,39.97,40.13142857142857,40.215714285714284,3.107166064500098,0.7766989605737898,609.41,1,0.49999999999999994,0.8660254037844387
507,2026-01-28,1,"Paradip, India","Qingdao, China",Iron Ore,41.07,611.34,91.4,100.1,4.1,2026-09-09 06:56:12.007816+00:00,43.9,36.24,39.91,42.67,40.297142857142866,40.10142857142858,3.1242743919493536,0.9130868218694485,613.45,1,0.49999999999999994,0.8660254037844387
508,2026-01-29,1,"Paradip, India","Qingdao, China",Iron Ore,39.29,610.73,87.9,112.8,4.4,2026-09-09 06:56:12.007816+00:00,43.42,41.07,38.03,36.76,40.47714285714286,40.28214285714286,3.0059425270936995,0.779255250066024,611.34,1,0.49999999999999994,0.8660254037844387
509,2026-01-30,1,"Paradip, India","Qingdao, China",Iron Ore,42.71,610.39,101.8,88.2,4.3,2026-09-09 06:56:12.007816+00:00,40.52,39.29,41.63,39.49,40.63142857142857,40.51214285714286,3.101184873406865,1.1541948804767708,610.73,1,0.49999999999999994,0.8660254037844387
510,2026-01-31,1,"Paradip, India","Qingdao, China",Iron Ore,43.57,607.62,95.1,92.6,4.9,2026-09-09 06:56:12.007816+00:00,40.58,42.71,46.05,38.22,40.277142857142856,40.894285714285715,2.452880716529821,1.0269977292659038,610.39,1,0.49999999999999994,0.8660254037844387
511,2026-02-01,1,"Paradip, India","Qingdao, China",Iron Ore,41.41,606.47,103.2,111.6,4.3,2026-09-09 06:56:12.007816+00:00,41.78,43.57,39.13,38.04,40.60285714285715,41.135,2.4264014114576664,0.9247310999344893,607.62,2,0.8660254037844386,0.5000000000000001
512,2026-02-02,1,"Paradip, India","Qingdao, China",Iron Ore,42.54,609.41,106.9,85.2,1.3,2026-09-09 06:56:12.007816+00:00,43.12,41.41,39.93,43.19,40.97571428571428,41.08857142857143,2.5050339794292364,1.2546946884161163,606.47,2,0.8660254037844386,0.5000000000000001
513,2026-02-03,1,"Paradip, India","Qingdao, China",Iron Ore,39.7,610.66,85.9,86.5,2.1,2026-09-09 06:56:12.007816+00:00,44.41,42.54,36.24,43.73,41.46999999999999,40.80071428571428,1.588573783828237,0.9930634690100036,609.41,2,0.8660254037844386,0.5000000000000001
514,2026-02-04,1,"Paradip, India","Qingdao, China",Iron Ore,41.72,611.22,93.5,87.2,4.5,2026-09-09 06:56:12.007816+00:00,42.28,39.7,41.07,39.91,41.56285714285714,40.93,1.5802712244601598,1.0722475834578458,610.66,2,0.8660254037844386,0.5000000000000001
515,2026-02-05,1,"Paradip, India","Qingdao, China",Iron Ore,43.91,613.83,91.0,85.7,5.1,2026-09-09 06:56:12.007816+00:00,43.37,41.72,39.29,38.03,42.222857142857144,41.35,1.4304744467681445,1.0618435167043736,611.22,2,0.8660254037844386,0.5000000000000001
516,2026-02-06,1,"Paradip, India","Qingdao, China",Iron Ore,42.95,613.66,108.4,108.8,5.5,2026-09-09 06:56:12.007816+00:00,40.91,43.91,42.71,41.63,42.25714285714286,41.44428571428572,1.446878413294158,0.9963234378379193,613.83,2,0.8660254037844386,0.5000000000000001
517,2026-02-07,1,"Paradip, India","Qingdao, China",Iron Ore,42.8,616.86,98.9,108.3,5.4,2026-09-09 06:56:12.007816+00:00,43.18,42.95,43.57,46.05,42.14714285714285,41.21214285714286,1.3569047410153678,0.9132039784668534,613.66,2,0.8660254037844386,0.5000000000000001
518,2026-02-08,1,"Paradip, India","Qingdao, China",Iron Ore,36.83,616.44,86.8,109.7,2.0,2026-09-09 06:56:12.007816+00:00,40.81,42.8,41.41,39.13,41.49285714285714,41.04785714285714,2.441964470705945,0.7912487884002927,616.86,2,0.8660254037844386,0.5000000000000001
519,2026-02-09,1,"Paradip, India","Qingdao, China",Iron Ore,41.97,616.38,113.7,108.2,5.1,2026-09-09 06:56:12.007816+00:00,36.48,36.83,42.54,39.93,41.41142857142857,41.19357142857143,2.4105284937223477,1.05083169585659,616.44,2,0.8660254037844386,0.5000000000000001
520,2026-02-10,1,"Paradip, India","Qingdao, China",Iron Ore,41.65,614.0,89.5,85.3,4.1,2026-09-09 06:56:12.007816+00:00,40.99,41.97,39.7,36.24,41.69,41.58,2.289417684332191,1.0492378605817279,616.38,2,0.8660254037844386,0.5000000000000001
521,2026-02-11,1,"Paradip, India","Qingdao, China",Iron Ore,44.67,616.51,110.1,91.7,4.5,2026-09-09 06:56:12.007816+00:00,41.04,41.65,41.72,41.07,42.11142857142857,41.83714285714285,2.5522828250503804,1.2006541765916927,614.0,2,0.8660254037844386,0.5000000000000001
522,2026-02-12,1,"Paradip, India","Qingdao, China",Iron Ore,41.46,620.38,101.1,91.8,2.4,2026-09-09 06:56:12.007816+00:00,40.15,44.67,43.91,39.29,41.76142857142857,41.99214285714286,2.4295708027785294,1.1013070695743932,616.51,2,0.8660254037844386,0.5000000000000001
523,2026-02-13,1,"Paradip, India","Qingdao, China",Iron Ore,44.97,620.97,104.4,94.5,4.2,2026-09-09 06:56:12.007816+00:00,40.56,41.46,42.95,42.71,42.050000000000004,42.15357142857143,2.6992653321474123,1.1047617878558955,620.38,2,0.8660254037844386,0.5000000000000001
524,2026-02-14,1,"Paradip, India","Qingdao, China",Iron Ore,44.38,622.06,104.2,96.6,4.8,2026-09-09 06:56:12.007816+00:00,37.07,44.97,42.8,43.57,42.27571428571429,42.21142857142858,2.835077054466314,1.0786748365761039,620.97,2,0.8660254037844386,0.5000000000000001
525,2026-02-15,1,"Paradip, India","Qingdao, China",Iron Ore,40.55,623.8,109.2,112.3,1.4,2026-09-09 06:56:12.007816+00:00,43.72,44.38,36.83,41.41,42.807142857142864,42.15,1.8060704516130655,0.9723952829567869,622.06,2,0.8660254037844386,0.5000000000000001
526,2026-02-16,1,"Paradip, India","Qingdao, China",Iron Ore,40.08,624.65,97.0,87.6,1.1,2026-09-09 06:56:12.007816+00:00,41.28,40.55,41.97,42.54,42.537142857142854,41.97428571428571,2.073545388022625,1.1073058096682866,623.8,2,0.8660254037844386,0.5000000000000001
527,2026-02-17,1,"Paradip, India","Qingdao, China",Iron Ore,41.09,624.97,86.6,86.0,3.0,2026-09-09 06:56:12.007816+00:00,39.96,40.08,41.65,39.7,42.457142857142856,42.07357142857143,2.1236738158648367,1.006976627095741,624.65,2,0.8660254037844386,0.5000000000000001
528,2026-02-18,1,"Paradip, India","Qingdao, China",Iron Ore,41.83,624.8,101.4,98.7,3.3,2026-09-09 06:56:12.007816+00:00,42.56,41.09,44.67,41.72,42.05142857142857,42.08142857142857,1.8887511621122846,1.0273555190115988,624.97,2,0.8660254037844386,0.5000000000000001
529,2026-02-19,1,"Paradip, India","Qingdao, China",Iron Ore,43.27,627.1,107.8,96.1,3.2,2026-09-09 06:56:12.007816+00:00,38.61,41.83,41.46,43.91,42.31,42.035714285714285,1.917958984615194,1.1217480622530633,624.8,2,0.8660254037844386,0.5000000000000001
530,2026-02-20,1,"Paradip, India","Qingdao, China",Iron Ore,38.58,627.5,85.9,88.5,1.2,2026-09-09 06:56:12.007816+00:00,45.59,43.27,44.97,42.95,41.39714285714285,41.723571428571425,1.961102702441551,0.9706213592518238,627.1,2,0.8660254037844386,0.5000000000000001
531,2026-02-21,1,"Paradip, India","Qingdao, China",Iron Ore,40.64,627.26,98.1,97.4,1.2,2026-09-09 06:56:12.007816+00:00,39.62,38.58,44.38,42.8,40.86285714285714,41.56928571428572,1.4579176278252857,1.0071867549089573,627.5,2,0.8660254037844386,0.5000000000000001
532,2026-02-22,1,"Paradip, India","Qingdao, China",Iron Ore,42.59,628.46,100.7,90.8,4.4,2026-09-09 06:56:12.007816+00:00,38.3,40.64,40.55,36.83,41.15428571428572,41.980714285714285,1.5834441064006812,1.1090307148644587,627.26,2,0.8660254037844386,0.5000000000000001
533,2026-02-23,1,"Paradip, India","Qingdao, China",Iron Ore,43.48,628.31,104.2,94.5,3.2,2026-09-09 06:56:12.007816+00:00,40.13,42.59,40.08,41.97,41.64,42.08857142857143,1.7149927113546763,1.1026453859634513,628.46,2,0.8660254037844386,0.5000000000000001
534,2026-02-24,1,"Paradip, India","Qingdao, China",Iron Ore,47.07,628.19,108.4,85.7,4.8,2026-09-09 06:56:12.007816+00:00,40.34,43.48,41.09,41.65,42.49428571428571,42.47571428571428,2.636948091657218,1.264877331986309,628.31,2,0.8660254037844386,0.5000000000000001
535,2026-02-25,1,"Paradip, India","Qingdao, China",Iron Ore,41.12,632.36,86.1,97.2,3.9,2026-09-09 06:56:12.007816+00:00,39.23,47.07,41.83,44.67,42.392857142857146,42.222142857142856,2.6800604115435993,0.8858023780038705,628.19,2,0.8660254037844386,0.5000000000000001
536,2026-02-26,1,"Paradip, India","Qingdao, China",Iron Ore,39.48,635.73,89.5,92.6,1.6,2026-09-09 06:56:12.007816+00:00,40.12,41.12,43.27,41.46,41.85142857142857,42.080714285714286,2.8507217131305342,0.9665225738096573,632.36,2,0.8660254037844386,0.5000000000000001
537,2026-02-27,1,"Paradip, India","Qingdao, China",Iron Ore,43.9,636.91,108.1,88.9,2.7,2026-09-09 06:56:12.007816+00:00,41.38,39.48,38.58,44.97,42.611428571428576,42.00428571428571,2.523584940591524,1.215972866594728,635.73,2,0.8660254037844386,0.5000000000000001
538,2026-02-28,1,"Paradip, India","Qingdao, China",Iron Ore,43.42,632.92,103.3,87.0,4.1,2026-09-09 06:56:12.007816+00:00,47.64,43.9,40.64,44.38,43.00857142857142,41.935714285714276,2.376064172614073,1.187356185361358,636.91,2,0.8660254037844386,0.5000000000000001
539,2026-03-01,1,"Paradip, India","Qingdao, China",Iron Ore,40.52,631.21,102.7,108.2,3.6,2026-09-09 06:56:12.007816+00:00,44.33,43.42,42.59,40.55,42.712857142857146,41.93357142857143,2.558637100005225,0.9491681193005435,632.92,3,1.0,6.123233995736766e-17
540,2026-03-02,1,"Paradip, India","Qingdao, China",Iron Ore,40.58,632.01,100.9,106.9,2.2,2026-09-09 06:56:12.007816+00:00,44.18,40.52,43.48,40.08,42.298571428571435,41.96928571428571,2.646975812579408,0.9438726900025547,631.21,3,1.0,6.123233995736766e-17
541,2026-03-03,1,"Paradip, India","Qingdao, China",Iron Ore,41.78,628.66,102.9,91.3,2.0,2026-09-09 06:56:12.007816+00:00,45.24,40.58,47.07,41.09,41.542857142857144,42.01857142857143,1.6095311355143658,1.1270535457772677,632.01,3,1.0,6.123233995736766e-17
542,2026-03-04,1,"Paradip, India","Qingdao, China",Iron Ore,43.12,625.8,110.7,108.8,3.9,2026-09-09 06:56:12.007816+00:00,43.99,41.78,41.12,41.83,41.82857142857143,42.11071428571428,1.6970899462650437,1.0174631417772848,628.66,3,1.0,6.123233995736766e-17
543,2026-03-05,1,"Paradip, India","Qingdao, China",Iron Ore,44.41,624.43,105.2,85.9,4.8,2026-09-09 06:56:12.007816+00:00,41.08,43.12,39.48,43.27,42.53285714285714,42.19214285714286,1.5788467762441496,1.2246797177322795,625.8,3,1.0,6.123233995736766e-17
544,2026-03-06,1,"Paradip, India","Qingdao, China",Iron Ore,42.28,622.55,109.5,108.5,2.8,2026-09-09 06:56:12.007816+00:00,38.34,44.41,43.9,38.58,42.30142857142857,42.45642857142857,1.4592512757279845,1.0092164968464057,624.43,3,1.0,6.123233995736766e-17
545,2026-03-07,1,"Paradip, India","Qingdao, China",Iron Ore,43.37,625.96,108.8,105.9,4.7,2026-09-09 06:56:12.007816+00:00,43.02,42.28,43.42,40.64,42.294285714285714,42.651428571428575,1.4529723230082656,1.0273842278201861,622.55,3,1.0,6.123233995736766e-17
546,2026-03-08,1,"Paradip, India","Qingdao, China",Iron Ore,40.91,624.35,103.5,114.6,5.4,2026-09-09 06:56:12.007816+00:00,45.58,43.37,40.52,42.59,42.35,42.53142857142857,1.379202668210677,0.9031412824484047,625.96,3,1.0,6.123233995736766e-17
547,2026-03-09,1,"Paradip, India","Qingdao, China",Iron Ore,43.18,625.2,112.8,96.3,3.9,2026-09-09 06:56:12.007816+00:00,43.32,40.91,40.58,43.48,42.721428571428575,42.51,1.1549520707430392,1.1713394422285106,624.35,3,1.0,6.123233995736766e-17
548,2026-03-10,1,"Paradip, India","Qingdao, China",Iron Ore,40.81,626.54,108.0,104.3,1.4,2026-09-09 06:56:12.007816+00:00,43.72,43.18,41.78,47.07,42.582857142857144,42.06285714285714,1.3314367463470418,1.0354744932430975,625.2,3,1.0,6.123233995736766e-17
549,2026-03-11,1,"Paradip, India","Qingdao, China",Iron Ore,36.48,625.45,86.4,105.9,2.2,2026-09-09 06:56:12.007816+00:00,42.73,40.81,43.12,41.12,41.63428571428572,41.73142857142857,2.623425604960348,0.8158639456219126,626.54,3,1.0,6.123233995736766e-17
550,2026-03-12,1,"Paradip, India","Qingdao, China",Iron Ore,40.99,629.51,94.5,87.4,1.8,2026-09-09 06:56:12.007816+00:00,40.94,36.48,44.41,39.48,41.145714285714284,41.839285714285715,2.3214137728465625,1.0812355742293391,625.45,3,1.0,6.123233995736766e-17
551,2026-03-13,1,"Paradip, India","Qingdao, China",Iron Ore,41.04,632.45,111.3,105.8,1.6,2026-09-09 06:56:12.007816+00:00,41.69,40.99,42.28,43.9,40.96857142857142,41.635,2.26710850035476,1.0519847776952005,629.51,3,1.0,6.123233995736766e-17
552,2026-03-14,1,"Paradip, India","Qingdao, China",Iron Ore,40.15,631.41,102.2,94.5,1.4,2026-09-09 06:56:12.007816+00:00,42.87,41.04,43.37,43.42,40.50857142857143,41.401428571428575,2.0108325686261423,1.0814813670390089,632.45,3,1.0,6.123233995736766e-17
553,2026-03-15,1,"Paradip, India","Qingdao, China",Iron Ore,40.56,630.64,106.6,104.8,3.4,2026-09-09 06:56:12.007816+00:00,40.13,40.15,40.91,40.52,40.45857142857143,41.40428571428571,2.003525464204109,1.0171754754603552,631.41,3,1.0,6.123233995736766e-17
554,2026-03-16,1,"Paradip, India","Qingdao, China",Iron Ore,37.07,628.64,89.9,103.8,1.6,2026-09-09 06:56:12.007816+00:00,46.65,40.56,43.18,40.58,39.58571428571429,41.153571428571425,1.9505457111866966,0.8660885485463826,630.64,3,1.0,6.123233995736766e-17
555,2026-03-17,1,"Paradip, India","Qingdao, China",Iron Ore,43.72,632.38,88.4,85.2,4.1,2026-09-09 06:56:12.007816+00:00,44.63,37.07,40.81,41.78,40.00142857142857,41.29214285714285,2.4903642877527803,1.0375585636668352,628.64,3,1.0,6.123233995736766e-17
556,2026-03-18,1,"Paradip, India","Qingdao, China",Iron Ore,41.28,631.06,99.7,111.0,5.3,2026-09-09 06:56:12.007816+00:00,40.11,43.72,36.48,43.12,40.68714285714286,41.160714285714285,1.9644483049592003,0.8981981172794489,632.38,3,1.0,6.123233995736766e-17
557,2026-03-19,1,"Paradip, India","Qingdao, China",Iron Ore,39.96,628.51,97.2,87.3,1.3,2026-09-09 06:56:12.007816+00:00,42.5,41.28,40.99,44.41,40.540000000000006,40.84285714285714,1.9765205117411022,1.1134019343182207,631.06,3,1.0,6.123233995736766e-17
558,2026-03-20,1,"Paradip, India","Qingdao, China",Iron Ore,42.56,628.38,109.0,97.8,3.9,2026-09-09 06:56:12.007816+00:00,39.16,39.96,41.04,42.28,40.75714285714286,40.862857142857145,2.118967628238743,1.114519313443833,628.51,3,1.0,6.123233995736766e-17
559,2026-03-21,1,"Paradip, India","Qingdao, China",Iron Ore,38.61,630.5,87.7,112.0,3.1,2026-09-09 06:56:12.007816+00:00,42.91,42.56,40.15,43.37,40.537142857142854,40.52285714285714,2.267264977057259,0.7830356443718175,628.38,3,1.0,6.123233995736766e-17
560,2026-03-22,1,"Paradip, India","Qingdao, China",Iron Ore,45.59,633.3,109.9,91.2,4.3,2026-09-09 06:56:12.007816+00:00,41.3,38.61,40.56,40.91,41.25571428571429,40.857142857142854,2.9653378511441733,1.205043727517135,630.5,3,1.0,6.123233995736766e-17
561,2026-03-23,1,"Paradip, India","Qingdao, China",Iron Ore,39.62,636.35,93.9,105.5,3.2,2026-09-09 06:56:12.007816+00:00,40.58,45.59,37.07,43.18,41.620000000000005,40.60285714285714,2.4828008377636066,0.8900473090002551,633.3,3,1.0,6.123233995736766e-17
562,2026-03-24,1,"Paradip, India","Qingdao, China",Iron Ore,38.3,635.49,101.5,108.0,2.0,2026-09-09 06:56:12.007816+00:00,41.08,39.62,43.72,40.81,40.84571428571428,40.423571428571435,2.562601914349645,0.9398147277949326,636.35,3,1.0,6.123233995736766e-17
563,2026-03-25,1,"Paradip, India","Qingdao, China",Iron Ore,40.13,634.24,90.4,103.7,2.5,2026-09-09 06:56:12.007816+00:00,43.91,38.3,41.28,36.48,40.681428571428576,40.684285714285714,2.566978954409423,0.8717453354151075,635.49,3,1.0,6.123233995736766e-17
564,2026-03-26,1,"Paradip, India","Qingdao, China",Iron Ore,40.34,630.55,100.4,112.5,3.3,2026-09-09 06:56:12.007816+00:00,38.95,40.13,39.96,40.99,40.73571428571429,40.637857142857136,2.553160506397609,0.8924443651160565,634.24,3,1.0,6.123233995736766e-17
565,2026-03-27,1,"Paradip, India","Qingdao, China",Iron Ore,39.23,631.92,86.6,90.9,2.2,2026-09-09 06:56:12.007816+00:00,40.87,40.34,42.56,41.04,40.26,40.50857142857143,2.465319451916943,0.9526951647200037,630.55,3,1.0,6.123233995736766e-17
566,2026-03-28,1,"Paradip, India","Qingdao, China",Iron Ore,40.12,632.29,94.0,98.5,2.4,2026-09-09 06:56:12.007816+00:00,37.44,39.23,38.61,40.15,40.47571428571428,40.50642857142857,2.3607262804968663,0.9543146239274494,631.92,3,1.0,6.123233995736766e-17
567,2026-03-29,1,"Paradip, India","Qingdao, China",Iron Ore,41.38,630.91,91.8,103.5,4.9,2026-09-09 06:56:12.007816+00:00,41.98,40.12,45.59,40.56,39.87428571428571,40.565,0.9633250947086317,0.8869564360428563,632.29,3,1.0,6.123233995736766e-17
568,2026-03-30,1,"Paradip, India","Qingdao, China",Iron Ore,47.64,627.58,113.0,86.7,4.2,2026-09-09 06:56:12.007816+00:00,43.4,41.38,39.62,37.07,41.019999999999996,41.32,3.071942924816992,1.3033447170305976,630.91,3,1.0,6.123233995736766e-17
569,2026-03-31,1,"Paradip, India","Qingdao, China",Iron Ore,44.33,627.59,106.2,102.5,5.2,2026-09-09 06:56:12.007816+00:00,42.39,47.64,38.3,43.72,41.88142857142857,41.36357142857143,3.027217801719463,1.0360974598929307,627.58,3,1.0,6.123233995736766e-17
570,2026-04-01,1,"Paradip, India","Qingdao, China",Iron Ore,44.18,627.95,97.7,97.9,5.1,2026-09-09 06:56:12.007816+00:00,39.39,44.33,40.13,41.28,42.46,41.57071428571429,3.0237118469412345,0.9979569971443312,627.59,4,0.8660254037844387,-0.4999999999999998
571,2026-04-02,1,"Paradip, India","Qingdao, China",Iron Ore,45.24,624.02,110.5,85.3,4.2,2026-09-09 06:56:12.007816+00:00,38.98,44.18,40.34,39.96,43.160000000000004,41.94785714285714,3.018305263995991,1.2954277496567703,627.95,4,0.8660254037844387,-0.4999999999999998
572,2026-04-03,1,"Paradip, India","Qingdao, China",Iron Ore,43.99,624.56,109.0,93.5,5.1,2026-09-09 06:56:12.007816+00:00,45.88,45.24,39.23,42.56,43.839999999999996,42.05,2.4721178504807786,1.165775276387671,624.02,4,0.8660254037844387,-0.4999999999999998
573,2026-04-04,1,"Paradip, India","Qingdao, China",Iron Ore,41.08,627.08,103.1,100.3,1.9,2026-09-09 06:56:12.007816+00:00,47.07,43.99,40.12,38.61,43.97714285714286,42.22642857142858,2.2478042195713592,1.0279161487620987,624.56,4,0.8660254037844387,-0.4999999999999998
574,2026-04-05,1,"Paradip, India","Qingdao, China",Iron Ore,38.34,628.31,85.3,109.7,4.5,2026-09-09 06:56:12.007816+00:00,41.42,41.08,41.38,45.59,43.542857142857144,41.70857142857143,3.0007705359662085,0.7775751342228683,627.08,4,0.8660254037844387,-0.4999999999999998
575,2026-04-06,1,"Paradip, India","Qingdao, China",Iron Ore,43.02,629.68,111.5,96.0,1.9,2026-09-09 06:56:12.007816+00:00,44.94,38.34,47.64,39.62,42.882857142857134,41.95142857142857,2.3967110400553326,1.1614582123481028,628.31,4,0.8660254037844387,-0.4999999999999998
576,2026-04-07,1,"Paradip, India","Qingdao, China",Iron Ore,45.58,631.99,113.7,99.0,4.9,2026-09-09 06:56:12.007816+00:00,42.06,43.02,44.33,38.3,43.06142857142857,42.47142857142857,2.563281936446621,1.1484847324762897,629.68,4,0.8660254037844387,-0.4999999999999998
577,2026-04-08,1,"Paradip, India","Qingdao, China",Iron Ore,43.32,628.04,104.9,95.1,2.9,2026-09-09 06:56:12.007816+00:00,40.49,45.58,44.18,40.13,42.93857142857143,42.699285714285715,2.5209947016432968,1.1030493056730488,631.99,4,0.8660254037844387,-0.4999999999999998
578,2026-04-09,1,"Paradip, India","Qingdao, China",Iron Ore,43.72,624.22,101.4,99.2,5.2,2026-09-09 06:56:12.007816+00:00,44.23,43.32,45.24,40.34,42.721428571428575,42.94071428571429,2.349343373309579,1.0221773163127705,628.04,4,0.8660254037844387,-0.4999999999999998
579,2026-04-10,1,"Paradip, India","Qingdao, China",Iron Ore,42.73,622.85,91.1,93.9,5.3,2026-09-09 06:56:12.007816+00:00,42.18,43.72,43.99,39.23,42.54142857142857,43.19071428571429,2.28329023247455,0.9701809403428177,624.22,4,0.8660254037844387,-0.4999999999999998
580,2026-04-11,1,"Paradip, India","Qingdao, China",Iron Ore,40.94,623.25,85.3,85.1,1.2,2026-09-09 06:56:12.007816+00:00,42.89,42.73,41.08,40.12,42.521428571428565,43.24928571428571,2.298785393574983,1.002350058478254,622.85,4,0.8660254037844387,-0.4999999999999998
581,2026-04-12,1,"Paradip, India","Qingdao, China",Iron Ore,41.69,626.0,109.7,92.2,1.8,2026-09-09 06:56:12.007816+00:00,39.77,40.94,38.34,41.38,43.0,43.271428571428565,1.4894182309431891,1.1898046431882165,623.25,4,0.8660254037844387,-0.4999999999999998
582,2026-04-13,1,"Paradip, India","Qingdao, China",Iron Ore,42.87,623.55,102.6,99.6,3.7,2026-09-09 06:56:12.007816+00:00,41.18,41.69,43.02,47.64,42.97857142857142,42.93071428571428,1.4901613846762474,1.03012037850197,626.0,4,0.8660254037844387,-0.4999999999999998
583,2026-04-14,1,"Paradip, India","Qingdao, China",Iron Ore,40.13,625.47,109.2,110.2,1.1,2026-09-09 06:56:12.007816+00:00,40.15,42.87,45.58,44.33,42.199999999999996,42.630714285714284,1.3182817099035273,0.9909254999160163,623.55,4,0.8660254037844387,-0.4999999999999998
584,2026-04-15,1,"Paradip, India","Qingdao, China",Iron Ore,46.65,627.55,114.6,98.0,5.4,2026-09-09 06:56:12.007816+00:00,40.9,40.13,43.32,44.18,42.67571428571428,42.807142857142864,2.1366317506988897,1.1693876357767718,625.47,4,0.8660254037844387,-0.4999999999999998
585,2026-04-16,1,"Paradip, India","Qingdao, China",Iron Ore,44.63,629.5,107.6,89.5,4.3,2026-09-09 06:56:12.007816+00:00,38.39,46.65,43.72,45.24,42.80571428571428,42.76357142857143,2.2361265404178794,1.202234502543631,627.55,4,0.8660254037844387,-0.4999999999999998
586,2026-04-17,1,"Paradip, India","Qingdao, China",Iron Ore,40.11,629.59,113.3,105.7,1.8,2026-09-09 06:56:12.007816+00:00,41.31,44.63,42.73,43.99,42.43142857142857,42.486428571428576,2.4590677676131096,1.0719015069156568,629.5,4,0.8660254037844387,-0.4999999999999998
587,2026-04-18,1,"Paradip, India","Qingdao, China",Iron Ore,42.5,631.88,94.1,108.0,5.4,2026-09-09 06:56:12.007816+00:00,43.12,40.11,40.94,41.08,42.65428571428572,42.587857142857146,2.370470116122104,0.8712962156207207,629.59,4,0.8660254037844387,-0.4999999999999998
588,2026-04-19,1,"Paradip, India","Qingdao, China",Iron Ore,39.16,628.94,86.2,99.3,4.3,2026-09-09 06:56:12.007816+00:00,42.19,42.5,41.69,38.34,42.29285714285714,42.646428571428565,2.7104902034238423,0.8680764483306699,631.88,4,0.8660254037844387,-0.4999999999999998
589,2026-04-20,1,"Paradip, India","Qingdao, China",Iron Ore,42.91,625.17,112.6,105.0,2.1,2026-09-09 06:56:12.007816+00:00,45.82,39.16,42.87,43.02,42.29857142857143,42.638571428571424,2.7119515025863623,1.0723808502494427,628.94,4,0.8660254037844387,-0.4999999999999998
590,2026-04-21,1,"Paradip, India","Qingdao, China",Iron Ore,41.3,625.64,106.1,102.3,2.5,2026-09-09 06:56:12.007816+00:00,39.79,42.91,40.13,45.58,42.465714285714284,42.33285714285715,2.589304006503421,1.0371455486661243,625.17,4,0.8660254037844387,-0.4999999999999998
591,2026-04-22,1,"Paradip, India","Qingdao, China",Iron Ore,40.58,627.08,112.7,102.4,1.1,2026-09-09 06:56:12.007816+00:00,44.2,41.3,46.65,43.32,41.598571428571425,42.137142857142855,1.8713224251975649,1.100585830020915,625.64,4,0.8660254037844387,-0.4999999999999998
592,2026-04-23,1,"Paradip, India","Qingdao, China",Iron Ore,41.08,628.69,92.0,86.5,3.0,2026-09-09 06:56:12.007816+00:00,38.85,40.58,44.63,43.72,41.09142857142857,41.94857142857143,1.3095855396705087,1.0635836920712494,627.08,4,0.8660254037844387,-0.4999999999999998
593,2026-04-24,1,"Paradip, India","Qingdao, China",Iron Ore,43.91,629.51,111.3,87.4,2.3,2026-09-09 06:56:12.007816+00:00,41.56,41.08,40.11,42.73,41.6342857142857,42.03285714285714,1.592083091873107,1.2734552318701107,628.69,4,0.8660254037844387,-0.4999999999999998
594,2026-04-25,1,"Paradip, India","Qingdao, China",Iron Ore,38.95,626.36,90.2,114.4,5.0,2026-09-09 06:56:12.007816+00:00,41.0,43.91,42.5,40.94,41.12714285714286,41.89071428571429,1.8195211300935588,0.7884614695400813,629.51,4,0.8660254037844387,-0.4999999999999998
595,2026-04-26,1,"Paradip, India","Qingdao, China",Iron Ore,40.87,630.53,104.1,105.4,4.4,2026-09-09 06:56:12.007816+00:00,40.84,38.95,39.16,41.69,41.371428571428574,41.832142857142856,1.6146560889904742,0.9876659404491516,626.36,4,0.8660254037844387,-0.4999999999999998
596,2026-04-27,1,"Paradip, India","Qingdao, China",Iron Ore,37.44,632.62,85.6,103.3,3.0,2026-09-09 06:56:12.007816+00:00,40.48,40.87,42.91,42.87,40.589999999999996,41.44428571428572,2.0189601283829153,0.8286543244284293,630.53,4,0.8660254037844387,-0.4999999999999998
597,2026-04-28,1,"Paradip, India","Qingdao, China",Iron Ore,41.98,633.71,102.5,94.5,2.9,2026-09-09 06:56:12.007816+00:00,42.59,37.44,41.3,40.13,40.68714285714286,41.576428571428565,2.0744132848086,1.0846559698776752,632.62,4,0.8660254037844387,-0.4999999999999998
598,2026-04-29,1,"Paradip, India","Qingdao, China",Iron Ore,43.4,636.4,101.8,101.7,4.3,2026-09-09 06:56:12.007816+00:00,43.38,41.98,40.58,46.65,41.089999999999996,41.34428571428571,2.3105266354952825,1.0009831857440328,633.71,4,0.8660254037844387,-0.4999999999999998
599,2026-04-30,1,"Paradip, India","Qingdao, China",Iron Ore,42.39,634.86,112.5,98.5,2.5,2026-09-09 06:56:12.007816+00:00,41.14,43.4,41.08,44.63,41.277142857142856,41.18428571428571,2.3620592307399013,1.142131863742958,636.4,4,0.8660254037844387,-0.4999999999999998
600,2026-05-01,1,"Paradip, India","Qingdao, China",Iron Ore,39.39,639.03,94.7,102.2,1.6,2026-09-09 06:56:12.007816+00:00,39.29,42.39,43.91,40.11,40.63142857142857,41.132857142857134,2.1286414178330353,0.9266143907422318,634.86,5,0.49999999999999994,-0.8660254037844387
601,2026-05-02,1,"Paradip, India","Qingdao, China",Iron Ore,38.98,642.48,86.2,106.6,5.2,2026-09-09 06:56:12.007816+00:00,41.61,39.39,38.95,42.5,40.635714285714286,40.881428571428565,2.12471846874557,0.8086303181397451,639.03,5,0.49999999999999994,-0.8660254037844387
602,2026-05-03,1,"Paradip, India","Qingdao, China",Iron Ore,45.88,644.79,107.1,93.1,4.8,2026-09-09 06:56:12.007816+00:00,42.92,38.98,40.87,39.16,41.35142857142857,41.36142857142857,2.9140031375607767,1.1503758162861637,642.48,5,0.49999999999999994,-0.8660254037844387
603,2026-05-04,1,"Paradip, India","Qingdao, China",Iron Ore,47.07,643.65,113.6,86.9,3.4,2026-09-09 06:56:12.007816+00:00,41.14,45.88,37.44,42.91,42.72714285714286,41.65857142857143,3.030487938081348,1.3072495618815232,644.79,5,0.49999999999999994,-0.8660254037844387
604,2026-05-05,1,"Paradip, India","Qingdao, China",Iron Ore,41.42,645.95,105.1,107.8,4.8,2026-09-09 06:56:12.007816+00:00,42.73,47.07,41.98,41.3,42.64714285714285,41.667142857142856,3.0607390953041436,0.9749535273698026,643.65,5,0.49999999999999994,-0.8660254037844387
605,2026-05-06,1,"Paradip, India","Qingdao, China",Iron Ore,44.94,642.86,113.2,91.3,4.8,2026-09-09 06:56:12.007816+00:00,41.86,41.42,43.4,40.58,42.86714285714286,41.978571428571435,3.1770096751803942,1.2398684293681896,645.95,5,0.49999999999999994,-0.8660254037844387
606,2026-05-07,1,"Paradip, India","Qingdao, China",Iron Ore,42.06,641.96,86.5,96.3,3.7,2026-09-09 06:56:12.007816+00:00,44.59,44.94,42.39,41.08,42.82,42.04857142857143,3.187700320502651,0.8982345900067923,642.86,5,0.49999999999999994,-0.8660254037844387
607,2026-05-08,1,"Paradip, India","Qingdao, China",Iron Ore,40.49,639.6,85.8,93.8,4.6,2026-09-09 06:56:12.007816+00:00,42.09,42.06,39.39,43.91,42.97714285714285,41.80428571428571,3.0127435684975143,0.9147120560008469,641.96,5,0.49999999999999994,-0.8660254037844387
608,2026-05-09,1,"Paradip, India","Qingdao, China",Iron Ore,44.23,635.64,109.7,85.8,2.8,2026-09-09 06:56:12.007816+00:00,44.43,40.49,38.98,38.95,43.72714285714286,42.18142857142857,2.453390268490305,1.2785546295390875,639.6,5,0.49999999999999994,-0.8660254037844387
609,2026-05-10,1,"Paradip, India","Qingdao, China",Iron Ore,42.18,637.94,102.4,111.2,4.4,2026-09-09 06:56:12.007816+00:00,41.57,44.23,45.88,40.87,43.198571428571434,42.27499999999999,2.3064361294098044,0.9208632265410768,635.64,5,0.49999999999999994,-0.8660254037844387
610,2026-05-11,1,"Paradip, India","Qingdao, China",Iron Ore,42.89,637.83,100.5,85.4,1.9,2026-09-09 06:56:12.007816+00:00,44.63,42.18,47.07,37.44,42.60142857142857,42.66428571428571,1.5561215523582024,1.1768148504900642,637.94,5,0.49999999999999994,-0.8660254037844387
611,2026-05-12,1,"Paradip, India","Qingdao, China",Iron Ore,39.77,636.29,87.5,104.8,5.1,2026-09-09 06:56:12.007816+00:00,40.68,42.89,41.42,41.98,42.36571428571428,42.50642857142857,1.8601689631396525,0.8349235844538564,637.83,5,0.49999999999999994,-0.8660254037844387
612,2026-05-13,1,"Paradip, India","Qingdao, China",Iron Ore,41.18,636.64,103.7,111.3,4.0,2026-09-09 06:56:12.007816+00:00,41.82,39.77,44.94,43.4,41.82857142857143,42.347857142857144,1.5011487664609546,0.9317159989473496,636.29,5,0.49999999999999994,-0.8660254037844387
613,2026-05-14,1,"Paradip, India","Qingdao, China",Iron Ore,40.15,634.18,104.6,99.4,1.3,2026-09-09 06:56:12.007816+00:00,40.55,41.18,42.06,42.39,41.55571428571428,42.18785714285714,1.6208830632595324,1.0523137774332214,636.64,5,0.49999999999999994,-0.8660254037844387
614,2026-05-15,1,"Paradip, India","Qingdao, China",Iron Ore,40.9,632.32,90.0,93.7,3.7,2026-09-09 06:56:12.007816+00:00,40.3,40.15,40.49,39.39,41.614285714285714,42.29571428571428,1.5829177399436323,0.9605121707030767,634.18,5,0.49999999999999994,-0.8660254037844387
615,2026-05-16,1,"Paradip, India","Qingdao, China",Iron Ore,38.39,633.4,85.4,99.1,3.6,2026-09-09 06:56:12.007816+00:00,40.21,40.9,44.23,38.98,40.779999999999994,42.25357142857143,1.5119303334920051,0.8617557152617846,632.32,5,0.49999999999999994,-0.8660254037844387
616,2026-05-17,1,"Paradip, India","Qingdao, China",Iron Ore,41.31,634.24,101.7,109.3,4.6,2026-09-09 06:56:12.007816+00:00,41.23,38.39,42.18,45.88,40.65571428571429,41.92714285714286,1.409986490985588,0.9304665205428618,633.4,5,0.49999999999999994,-0.8660254037844387
617,2026-05-18,1,"Paradip, India","Qingdao, China",Iron Ore,43.12,631.26,108.4,90.1,2.5,2026-09-09 06:56:12.007816+00:00,43.6,41.31,42.89,47.07,40.68857142857143,41.644999999999996,1.4720442539931395,1.203107524627356,634.24,5,0.49999999999999994,-0.8660254037844387
618,2026-05-19,1,"Paradip, India","Qingdao, China",Iron Ore,42.19,632.08,101.7,107.1,4.3,2026-09-09 06:56:12.007816+00:00,40.59,43.12,39.77,41.42,41.034285714285716,41.699999999999996,1.5041814733474612,0.9495797432698653,631.26,5,0.49999999999999994,-0.8660254037844387
619,2026-05-20,1,"Paradip, India","Qingdao, China",Iron Ore,45.82,628.77,108.2,87.7,4.7,2026-09-09 06:56:12.007816+00:00,38.8,42.19,41.18,44.94,41.69714285714286,41.762857142857136,2.358726452175013,1.2337512846349732,632.08,5,0.49999999999999994,-0.8660254037844387
620,2026-05-21,1,"Paradip, India","Qingdao, China",Iron Ore,39.79,632.96,101.1,110.2,1.2,2026-09-09 06:56:12.007816+00:00,43.19,45.82,40.15,42.06,41.645714285714284,41.60071428571428,2.4016165190890835,0.9174227842629051,628.77,5,0.49999999999999994,-0.8660254037844387
621,2026-05-22,1,"Paradip, India","Qingdao, China",Iron Ore,44.2,634.68,108.6,94.6,4.6,2026-09-09 06:56:12.007816+00:00,43.68,39.79,40.9,40.49,42.11714285714286,41.86571428571428,2.550135383894355,1.1479914219882217,632.96,5,0.49999999999999994,-0.8660254037844387
622,2026-05-23,1,"Paradip, India","Qingdao, China",Iron Ore,38.85,636.14,86.3,99.5,3.0,2026-09-09 06:56:12.007816+00:00,39.66,44.2,38.39,44.23,42.182857142857145,41.48142857142857,2.4417051028990633,0.8673365962475782,634.68,5,0.49999999999999994,-0.8660254037844387
623,2026-05-24,1,"Paradip, India","Qingdao, China",Iron Ore,41.56,639.33,98.4,104.3,2.3,2026-09-09 06:56:12.007816+00:00,45.86,38.85,41.31,42.18,42.21857142857143,41.43714285714286,2.4286033611345,0.9434323160659334,636.14,5,0.49999999999999994,-0.8660254037844387
624,2026-05-25,1,"Paradip, India","Qingdao, China",Iron Ore,41.0,643.39,92.4,97.4,4.9,2026-09-09 06:56:12.007816+00:00,39.36,41.56,43.12,42.89,41.91571428571429,41.30214285714286,2.4296423409138828,0.9486652003423819,639.33,5,0.49999999999999994,-0.8660254037844387
625,2026-05-26,1,"Paradip, India","Qingdao, China",Iron Ore,40.84,646.15,111.6,113.0,3.7,2026-09-09 06:56:12.007816+00:00,41.53,41.0,42.19,39.77,41.722857142857144,41.378571428571426,2.457659552539797,0.9876105320698644,643.39,5,0.49999999999999994,-0.8660254037844387
626,2026-05-27,1,"Paradip, India","Qingdao, China",Iron Ore,40.48,650.17,90.5,93.3,1.1,2026-09-09 06:56:12.007816+00:00,44.97,40.84,45.82,41.18,40.96,41.32857142857143,1.6795336654360866,0.9699891779218459,646.15,5,0.49999999999999994,-0.8660254037844387
627,2026-05-28,1,"Paradip, India","Qingdao, China",Iron Ore,42.59,648.35,109.8,108.9,2.0,2026-09-09 06:56:12.007816+00:00,44.0,40.48,39.79,40.15,41.36,41.502857142857145,1.6878487293987778,1.0082643702236573,650.17,5,0.49999999999999994,-0.8660254037844387
628,2026-05-29,1,"Paradip, India","Qingdao, China",Iron Ore,43.38,651.21,94.1,102.7,5.1,2026-09-09 06:56:12.007816+00:00,40.55,42.59,44.2,40.9,41.24285714285714,41.68000000000001,1.4726248026987654,0.9162608650184162,648.35,5,0.49999999999999994,-0.8660254037844387
629,2026-05-30,1,"Paradip, India","Qingdao, China",Iron Ore,41.14,647.82,110.9,104.1,1.9,2026-09-09 06:56:12.007816+00:00,45.23,43.38,38.85,38.39,41.57,41.87642857142857,1.0446211434453219,1.065321703619433,651.21,5,0.49999999999999994,-0.8660254037844387
630,2026-05-31,1,"Paradip, India","Qingdao, China",Iron Ore,39.29,650.61,95.3,108.5,1.9,2026-09-09 06:56:12.007816+00:00,41.26,41.14,41.56,41.31,41.24571428571429,41.732142857142854,1.3545953533909458,0.8783409328718034,647.82,5,0.49999999999999994,-0.8660254037844387
631,2026-06-01,1,"Paradip, India","Qingdao, China",Iron Ore,41.61,649.24,106.2,94.5,2.0,2026-09-09 06:56:12.007816+00:00,42.72,39.29,41.0,43.12,41.33285714285715,41.62428571428571,1.355774247256362,1.1238094048878937,650.61,6,1.2246467991473532e-16,-1.0
632,2026-06-02,1,"Paradip, India","Qingdao, China",Iron Ore,42.92,645.57,89.3,87.6,3.7,2026-09-09 06:56:12.007816+00:00,39.93,41.61,40.84,42.19,41.63,41.676428571428566,1.4541205818866378,1.0194062763234844,649.24,6,1.2246467991473532e-16,-1.0
633,2026-06-03,1,"Paradip, India","Qingdao, China",Iron Ore,41.14,649.61,97.2,106.6,2.7,2026-09-09 06:56:12.007816+00:00,45.37,42.92,40.48,45.82,41.72428571428571,41.34214285714285,1.3869734092962556,0.9118198018930768,645.57,6,1.2246467991473532e-16,-1.0
634,2026-06-04,1,"Paradip, India","Qingdao, China",Iron Ore,42.73,649.41,103.0,104.7,3.7,2026-09-09 06:56:12.007816+00:00,40.52,41.14,42.59,39.79,41.744285714285716,41.55214285714286,1.402460423004824,0.9837630388000917,649.61,6,1.2246467991473532e-16,-1.0
635,2026-06-05,1,"Paradip, India","Qingdao, China",Iron Ore,41.86,648.69,97.7,96.5,3.2,2026-09-09 06:56:12.007816+00:00,41.21,42.73,43.38,44.2,41.527142857142856,41.385,1.2116891004668506,1.0124351282450643,649.41,6,1.2246467991473532e-16,-1.0
636,2026-06-06,1,"Paradip, India","Qingdao, China",Iron Ore,44.59,651.41,105.8,85.4,3.9,2026-09-09 06:56:12.007816+00:00,45.39,41.86,41.14,38.85,42.019999999999996,41.795,1.6502525059314102,1.2388757331527243,648.69,6,1.2246467991473532e-16,-1.0
637,2026-06-07,1,"Paradip, India","Qingdao, China",Iron Ore,42.09,654.73,106.2,106.4,2.7,2026-09-09 06:56:12.007816+00:00,42.51,44.59,39.29,41.56,42.42,41.83285714285715,1.1381271165088698,0.9981202069435895,651.41,6,1.2246467991473532e-16,-1.0
638,2026-06-08,1,"Paradip, India","Qingdao, China",Iron Ore,44.43,651.45,102.9,88.6,3.3,2026-09-09 06:56:12.007816+00:00,40.76,42.09,41.61,41.0,42.82285714285714,42.07785714285715,1.292281113453971,1.1613994174492759,654.73,6,1.2246467991473532e-16,-1.0
639,2026-06-09,1,"Paradip, India","Qingdao, China",Iron Ore,41.57,649.67,107.3,104.5,3.5,2026-09-09 06:56:12.007816+00:00,44.43,44.43,42.92,40.84,42.629999999999995,42.13,1.3735477178943365,1.0267941601153914,651.45,6,1.2246467991473532e-16,-1.0
640,2026-06-10,1,"Paradip, India","Qingdao, China",Iron Ore,44.63,648.44,110.4,98.6,2.8,2026-09-09 06:56:12.007816+00:00,39.74,41.57,41.14,40.48,43.128571428571426,42.42642857142857,1.3759654619140107,1.1196753428321153,649.67,6,1.2246467991473532e-16,-1.0
641,2026-06-11,1,"Paradip, India","Qingdao, China",Iron Ore,40.68,650.18,98.4,111.3,2.2,2026-09-09 06:56:12.007816+00:00,39.16,44.63,42.73,42.59,42.83571428571428,42.29,1.6631281484283142,0.8840969556067426,648.44,6,1.2246467991473532e-16,-1.0
642,2026-06-12,1,"Paradip, India","Qingdao, China",Iron Ore,41.82,647.66,91.0,99.1,2.7,2026-09-09 06:56:12.007816+00:00,42.74,40.68,41.86,43.38,42.830000000000005,42.17857142857143,1.6671032761447893,0.9182642867543606,650.18,6,1.2246467991473532e-16,-1.0
643,2026-06-13,1,"Paradip, India","Qingdao, China",Iron Ore,40.55,649.73,89.0,91.8,3.5,2026-09-09 06:56:12.007816+00:00,42.24,41.82,44.59,41.14,42.25285714285714,42.13642857142857,1.6555232232912467,0.9694988050654897,647.66,6,1.2246467991473532e-16,-1.0
644,2026-06-14,1,"Paradip, India","Qingdao, China",Iron Ore,40.3,651.52,88.5,109.7,4.2,2026-09-09 06:56:12.007816+00:00,37.71,40.55,42.09,39.29,41.99714285714286,42.20857142857143,1.8153944868421021,0.8067455964680403,649.73,6,1.2246467991473532e-16,-1.0
645,2026-06-15,1,"Paradip, India","Qingdao, China",Iron Ore,40.21,655.49,103.5,111.8,2.2,2026-09-09 06:56:12.007816+00:00,37.26,40.3,44.43,41.61,41.394285714285715,42.10857142857143,1.5548296492204328,0.9257602034203753,651.52,6,1.2246467991473532e-16,-1.0
646,2026-06-16,1,"Paradip, India","Qingdao, China",Iron Ore,41.23,658.72,88.2,109.1,4.0,2026-09-09 06:56:12.007816+00:00,45.34,40.21,41.57,42.92,41.34571428571428,41.987857142857145,1.553735897150782,0.8084325565139728,655.49,6,1.2246467991473532e-16,-1.0
647,2026-06-17,1,"Paradip, India","Qingdao, China",Iron Ore,43.6,658.51,109.1,88.1,2.2,2026-09-09 06:56:12.007816+00:00,41.43,41.23,44.63,41.14,41.19857142857143,42.16357142857144,1.1991862320120912,1.23836535319349,658.72,6,1.2246467991473532e-16,-1.0
648,2026-06-18,1,"Paradip, India","Qingdao, China",Iron Ore,40.59,660.87,89.8,97.2,2.0,2026-09-09 06:56:12.007816+00:00,41.57,43.6,40.68,42.73,41.18571428571429,42.01071428571429,1.20613511049204,0.923868217709031,658.51,6,1.2246467991473532e-16,-1.0
649,2026-06-19,1,"Paradip, India","Qingdao, China",Iron Ore,38.8,660.74,98.6,109.0,2.4,2026-09-09 06:56:12.007816+00:00,40.09,40.59,41.82,41.86,40.75428571428571,41.792142857142856,1.4557341463199072,0.9045870729736629,660.87,6,1.2246467991473532e-16,-1.0
650,2026-06-20,1,"Paradip, India","Qingdao, China",Iron Ore,43.19,658.18,98.9,92.8,3.0,2026-09-09 06:56:12.007816+00:00,39.8,38.8,40.55,44.59,41.131428571428565,41.692142857142855,1.7131980676639158,1.06573264377881,660.74,6,1.2246467991473532e-16,-1.0
651,2026-06-21,1,"Paradip, India","Qingdao, China",Iron Ore,43.68,660.63,114.2,99.8,3.9,2026-09-09 06:56:12.007816+00:00,41.92,43.19,40.3,42.09,41.614285714285714,41.80571428571428,1.9053508613275267,1.144288462496146,658.18,6,1.2246467991473532e-16,-1.0
652,2026-06-22,1,"Paradip, India","Qingdao, China",Iron Ore,39.66,658.79,89.1,109.8,4.0,2026-09-09 06:56:12.007816+00:00,41.04,43.68,40.21,44.43,41.535714285714285,41.464999999999996,1.9826821660135634,0.811475335931208,660.63,6,1.2246467991473532e-16,-1.0
653,2026-06-23,1,"Paradip, India","Qingdao, China",Iron Ore,45.86,660.03,109.0,93.0,3.9,2026-09-09 06:56:12.007816+00:00,45.6,39.66,41.23,41.57,42.19714285714286,41.771428571428565,2.5537470136102596,1.1720428847265716,658.79,6,1.2246467991473532e-16,-1.0
654,2026-06-24,1,"Paradip, India","Qingdao, China",Iron Ore,39.36,657.05,95.1,111.0,2.5,2026-09-09 06:56:12.007816+00:00,40.24,45.86,43.6,44.63,41.59142857142857,41.394999999999996,2.665923408323516,0.8567566795714703,660.03,6,1.2246467991473532e-16,-1.0
655,2026-06-25,1,"Paradip, India","Qingdao, China",Iron Ore,41.53,653.68,94.5,95.2,2.0,2026-09-09 06:56:12.007816+00:00,41.3,39.36,40.59,40.68,41.72571428571428,41.455714285714286,2.6305123527736685,0.9926469545538913,657.05,6,1.2246467991473532e-16,-1.0
656,2026-06-26,1,"Paradip, India","Qingdao, China",Iron Ore,44.97,657.09,107.8,85.7,2.0,2026-09-09 06:56:12.007816+00:00,44.07,41.53,38.8,41.82,42.607142857142854,41.68071428571428,2.518092626610444,1.2578761659421043,653.68,6,1.2246467991473532e-16,-1.0
657,2026-06-27,1,"Paradip, India","Qingdao, China",Iron Ore,44.0,660.9,103.4,94.2,1.8,2026-09-09 06:56:12.007816+00:00,42.82,44.97,43.19,40.55,42.722857142857144,41.92714285714286,2.5674677166791913,1.09766442699953,657.09,6,1.2246467991473532e-16,-1.0
658,2026-06-28,1,"Paradip, India","Qingdao, China",Iron Ore,40.55,662.32,100.3,97.2,1.7,2026-09-09 06:56:12.007816+00:00,41.6,44.0,43.68,40.3,42.27571428571428,41.945,2.6443956911604705,1.0318928979534054,660.9,6,1.2246467991473532e-16,-1.0
659,2026-06-29,1,"Paradip, India","Qingdao, China",Iron Ore,45.23,662.13,107.3,95.5,4.9,2026-09-09 06:56:12.007816+00:00,44.23,40.55,39.66,40.21,43.07142857142857,42.30357142857143,2.5628982849592203,1.1235600917738122,662.32,6,1.2246467991473532e-16,-1.0
660,2026-06-30,1,"Paradip, India","Qingdao, China",Iron Ore,41.26,664.34,104.4,95.7,1.5,2026-09-09 06:56:12.007816+00:00,45.87,45.23,45.86,41.23,42.41428571428571,42.30571428571428,2.3055357811351995,1.0909089769165123,662.13,6,1.2246467991473532e-16,-1.0
661,2026-07-01,1,"Paradip, India","Qingdao, China",Iron Ore,42.72,661.66,115.0,114.8,3.2,2026-09-09 06:56:12.007816+00:00,40.68,41.26,39.36,43.6,42.894285714285715,42.24285714285714,1.8728308087210068,1.0017420730189832,664.34,7,-0.4999999999999997,-0.8660254037844388
662,2026-07-02,1,"Paradip, India","Qingdao, China",Iron Ore,39.93,661.49,91.4,108.5,3.4,2026-09-09 06:56:12.007816+00:00,39.84,42.72,41.53,40.59,42.66571428571429,42.19571428571428,2.1449542119653673,0.8423962357238493,661.66,7,-0.4999999999999997,-0.8660254037844388
663,2026-07-03,1,"Paradip, India","Qingdao, China",Iron Ore,45.37,657.53,105.9,86.0,3.3,2026-09-09 06:56:12.007816+00:00,40.29,39.93,44.97,38.8,42.72285714285714,42.665,2.2205683528149254,1.2313952056517203,661.49,7,-0.4999999999999997,-0.8660254037844388
664,2026-07-04,1,"Paradip, India","Qingdao, China",Iron Ore,40.52,653.85,102.2,100.7,2.4,2026-09-09 06:56:12.007816+00:00,42.14,45.37,44.0,43.19,42.22571428571428,42.47428571428571,2.275850442822361,1.0148956291066902,657.53,7,-0.4999999999999997,-0.8660254037844388
665,2026-07-05,1,"Paradip, India","Qingdao, China",Iron Ore,41.21,651.44,87.1,99.8,3.2,2026-09-09 06:56:12.007816+00:00,40.64,40.52,40.55,43.68,42.32,42.29785714285714,2.2075023593795184,0.8727454035325246,653.85,7,-0.4999999999999997,-0.8660254037844388
666,2026-07-06,1,"Paradip, India","Qingdao, China",Iron Ore,45.39,655.38,105.9,85.6,4.2,2026-09-09 06:56:12.007816+00:00,39.47,41.21,45.23,39.66,42.34285714285714,42.707142857142856,2.243195000333962,1.2371493881834827,651.44,7,-0.4999999999999997,-0.8660254037844388
667,2026-07-07,1,"Paradip, India","Qingdao, China",Iron Ore,42.51,653.2,111.8,95.6,1.3,2026-09-09 06:56:12.007816+00:00,44.45,45.39,41.26,45.86,42.52142857142858,42.46785714285714,2.191790961530558,1.169455944617579,655.38,7,-0.4999999999999997,-0.8660254037844388
668,2026-07-08,1,"Paradip, India","Qingdao, China",Iron Ore,40.76,656.41,111.8,103.0,1.2,2026-09-09 06:56:12.007816+00:00,46.42,42.51,42.72,39.36,42.24142857142857,42.567857142857136,2.285391495064638,1.085436787821671,653.2,7,-0.4999999999999997,-0.8660254037844388
669,2026-07-09,1,"Paradip, India","Qingdao, China",Iron Ore,44.43,655.7,112.5,108.2,4.0,2026-09-09 06:56:12.007816+00:00,40.95,40.76,39.93,41.53,42.88428571428572,42.775,2.156091039689169,1.0397411238686576,656.41,7,-0.4999999999999997,-0.8660254037844388
670,2026-07-10,1,"Paradip, India","Qingdao, China",Iron Ore,39.74,651.77,86.8,88.9,2.2,2026-09-09 06:56:12.007816+00:00,43.46,44.43,45.37,44.97,42.08,42.401428571428575,2.12414688757617,0.9763778429271267,655.7,7,-0.4999999999999997,-0.8660254037844388
671,2026-07-11,1,"Paradip, India","Qingdao, China",Iron Ore,39.16,649.27,85.6,97.8,2.1,2026-09-09 06:56:12.007816+00:00,43.26,39.74,40.52,44.0,41.885714285714286,42.05571428571428,2.3416721742011952,0.8752555342274504,651.77,7,-0.4999999999999997,-0.8660254037844388
672,2026-07-12,1,"Paradip, India","Qingdao, China",Iron Ore,42.74,651.31,103.5,100.2,2.5,2026-09-09 06:56:12.007816+00:00,40.98,39.16,41.21,40.55,42.104285714285716,42.21214285714286,2.339493229617924,1.0329340286492985,649.27,7,-0.4999999999999997,-0.8660254037844388
673,2026-07-13,1,"Paradip, India","Qingdao, China",Iron Ore,42.24,647.92,93.2,90.2,1.2,2026-09-09 06:56:12.007816+00:00,41.99,42.74,45.39,45.23,41.65428571428571,41.99857142857143,1.854920098394594,1.033259308951296,651.31,7,-0.4999999999999997,-0.8660254037844388
674,2026-07-14,1,"Paradip, India","Qingdao, China",Iron Ore,37.71,648.4,97.6,113.0,1.2,2026-09-09 06:56:12.007816+00:00,45.7,42.24,42.51,41.26,40.96857142857143,41.745000000000005,2.3158182756239953,0.8637167377241824,647.92,7,-0.4999999999999997,-0.8660254037844388
675,2026-07-15,1,"Paradip, India","Qingdao, China",Iron Ore,37.26,647.43,89.6,102.9,1.6,2026-09-09 06:56:12.007816+00:00,39.33,37.71,40.76,42.72,40.46857142857143,41.355000000000004,2.71225876697773,0.8707482146989101,648.4,7,-0.4999999999999997,-0.8660254037844388
676,2026-07-16,1,"Paradip, India","Qingdao, China",Iron Ore,45.34,650.5,103.9,94.5,4.3,2026-09-09 06:56:12.007816+00:00,44.15,37.26,44.43,39.93,40.598571428571425,41.74142857142857,2.945552741402004,1.099470783124785,647.43,7,-0.4999999999999997,-0.8660254037844388
677,2026-07-17,1,"Paradip, India","Qingdao, China",Iron Ore,41.43,652.15,106.4,101.3,1.8,2026-09-09 06:56:12.007816+00:00,41.22,45.34,39.74,45.37,40.839999999999996,41.46,2.932683640172117,1.0503454047043037,650.5,7,-0.4999999999999997,-0.8660254037844388
678,2026-07-18,1,"Paradip, India","Qingdao, China",Iron Ore,41.57,649.45,94.9,104.1,3.6,2026-09-09 06:56:12.007816+00:00,37.79,41.43,39.16,40.52,41.184285714285714,41.535000000000004,2.842668096131108,0.9116233514290729,652.15,7,-0.4999999999999997,-0.8660254037844388
679,2026-07-19,1,"Paradip, India","Qingdao, China",Iron Ore,40.09,649.47,91.5,92.9,2.8,2026-09-09 06:56:12.007816+00:00,40.62,41.57,42.74,41.21,40.80571428571428,41.455,2.776645801099189,0.9849299262723437,649.45,7,-0.4999999999999997,-0.8660254037844388
680,2026-07-20,1,"Paradip, India","Qingdao, China",Iron Ore,39.8,650.38,88.7,110.3,3.4,2026-09-09 06:56:12.007816+00:00,37.19,40.09,42.24,45.39,40.457142857142856,41.05571428571428,2.7191402702920193,0.8041703713354151,649.47,7,-0.4999999999999997,-0.8660254037844388
681,2026-07-21,1,"Paradip, India","Qingdao, China",Iron Ore,41.92,650.88,107.2,106.0,1.5,2026-09-09 06:56:12.007816+00:00,41.42,39.8,37.71,42.51,41.05857142857143,41.01357142857143,2.463854896778772,1.0113206593093718,650.38,7,-0.4999999999999997,-0.8660254037844388
682,2026-07-22,1,"Paradip, India","Qingdao, China",Iron Ore,41.04,653.43,85.3,95.2,2.7,2026-09-09 06:56:12.007816+00:00,44.58,41.92,37.26,40.76,41.598571428571425,41.03357142857143,1.8236175455343098,0.8960083092428246,650.88,7,-0.4999999999999997,-0.8660254037844388
683,2026-07-23,1,"Paradip, India","Qingdao, China",Iron Ore,45.6,651.03,103.3,86.6,4.1,2026-09-09 06:56:12.007816+00:00,41.26,41.04,45.34,44.43,41.635714285714286,41.11714285714286,1.9129807207849368,1.192840508909872,653.43,7,-0.4999999999999997,-0.8660254037844388
684,2026-07-24,1,"Paradip, India","Qingdao, China",Iron Ore,40.24,654.11,102.3,110.3,2.7,2026-09-09 06:56:12.007816+00:00,40.42,45.6,41.43,39.74,41.465714285714284,41.152857142857144,1.9857983880784322,0.9274704508186354,651.03,7,-0.4999999999999997,-0.8660254037844388
685,2026-07-25,1,"Paradip, India","Qingdao, China",Iron Ore,41.3,652.17,95.7,95.8,1.2,2026-09-09 06:56:12.007816+00:00,44.31,40.24,41.57,39.16,41.42714285714286,41.30571428571428,1.9860573530297359,0.9989560543887208,654.11,7,-0.4999999999999997,-0.8660254037844388
686,2026-07-26,1,"Paradip, India","Qingdao, China",Iron Ore,44.07,654.82,112.5,110.0,4.6,2026-09-09 06:56:12.007816+00:00,44.5,41.3,40.09,42.74,41.99571428571428,41.40071428571429,2.105562926652815,1.0227271797520745,652.17,7,-0.4999999999999997,-0.8660254037844388
687,2026-07-27,1,"Paradip, India","Qingdao, China",Iron Ore,42.82,651.63,114.2,105.2,1.8,2026-09-09 06:56:12.007816+00:00,43.57,44.07,39.8,42.24,42.42714285714286,41.442142857142855,1.877753216707819,1.0855512276091988,654.82,7,-0.4999999999999997,-0.8660254037844388
688,2026-07-28,1,"Paradip, India","Qingdao, China",Iron Ore,41.6,651.2,110.3,99.3,1.2,2026-09-09 06:56:12.007816+00:00,43.66,42.82,41.92,37.71,42.381428571428565,41.71999999999999,1.895964385841776,1.1107753161354164,651.63,7,-0.4999999999999997,-0.8660254037844388
689,2026-07-29,1,"Paradip, India","Qingdao, China",Iron Ore,44.23,650.69,112.4,100.2,2.1,2026-09-09 06:56:12.007816+00:00,45.94,41.6,41.04,37.26,42.83714285714286,42.21785714285714,1.9031615300659892,1.121756375074214,651.2,7,-0.4999999999999997,-0.8660254037844388
690,2026-07-30,1,"Paradip, India","Qingdao, China",Iron Ore,45.87,654.6,110.6,88.7,2.9,2026-09-09 06:56:12.007816+00:00,35.56,44.23,45.6,45.34,42.87571428571429,42.25571428571429,1.9700495521926678,1.2468995212063672,650.69,7,-0.4999999999999997,-0.8660254037844388
691,2026-07-31,1,"Paradip, India","Qingdao, China",Iron Ore,40.68,655.19,110.7,101.3,1.2,2026-09-09 06:56:12.007816+00:00,42.53,45.87,40.24,41.43,42.93857142857143,42.20214285714285,1.8767474396892696,1.0927935742553234,654.6,7,-0.4999999999999997,-0.8660254037844388
692,2026-08-01,1,"Paradip, India","Qingdao, China",Iron Ore,39.84,654.05,97.9,105.3,2.7,2026-09-09 06:56:12.007816+00:00,42.16,40.68,41.3,41.57,42.73,42.07857142857143,2.1503798114130124,0.9297245080983374,655.19,8,-0.8660254037844385,-0.5000000000000004
693,2026-08-02,1,"Paradip, India","Qingdao, China",Iron Ore,40.29,653.12,88.2,103.0,3.0,2026-09-09 06:56:12.007816+00:00,41.32,39.84,44.07,40.09,42.19,42.09285714285714,2.230904151534263,0.8563105964746994,654.05,8,-0.8660254037844385,-0.5000000000000004
694,2026-08-03,1,"Paradip, India","Qingdao, China",Iron Ore,42.14,652.91,108.0,95.7,1.7,2026-09-09 06:56:12.007816+00:00,37.0,40.29,42.82,39.8,42.09285714285714,42.260000000000005,2.2136373858854976,1.128526527844668,653.12,8,-0.8660254037844385,-0.5000000000000004
695,2026-08-04,1,"Paradip, India","Qingdao, China",Iron Ore,40.64,654.8,85.2,108.5,4.9,2026-09-09 06:56:12.007816+00:00,43.43,42.14,41.6,41.92,41.955714285714286,42.16857142857143,2.278060996716604,0.7852533838476145,652.91,8,-0.8660254037844385,-0.5000000000000004
696,2026-08-05,1,"Paradip, India","Qingdao, China",Iron Ore,39.47,653.88,86.8,113.0,3.0,2026-09-09 06:56:12.007816+00:00,44.74,40.64,44.23,41.04,41.27571428571429,42.05642857142857,2.1949552549945777,0.7681415249432278,654.8,8,-0.8660254037844385,-0.5000000000000004
697,2026-08-06,1,"Paradip, India","Qingdao, China",Iron Ore,44.45,654.14,112.7,91.2,1.6,2026-09-09 06:56:12.007816+00:00,46.72,39.47,45.87,45.6,41.07285714285714,41.97428571428571,1.712091452830995,1.23574547853668,653.88,8,-0.8660254037844385,-0.5000000000000004
698,2026-08-07,1,"Paradip, India","Qingdao, China",Iron Ore,46.42,656.27,114.2,86.8,3.2,2026-09-09 06:56:12.007816+00:00,43.41,44.45,40.68,40.24,41.892857142857146,42.41571428571428,2.624193300081007,1.3156680511903167,654.14,8,-0.8660254037844385,-0.5000000000000004
699,2026-08-08,1,"Paradip, India","Qingdao, China",Iron Ore,40.95,654.78,104.0,107.9,4.1,2026-09-09 06:56:12.007816+00:00,44.66,46.42,39.84,41.3,42.05142857142857,42.39071428571429,2.510547274808253,0.9638553323581711,656.27,8,-0.8660254037844385,-0.5000000000000004
700,2026-08-09,1,"Paradip, India","Qingdao, China",Iron Ore,43.46,658.25,99.3,86.5,1.5,2026-09-09 06:56:12.007816+00:00,39.34,40.95,40.29,44.07,42.50428571428572,42.347142857142856,2.424285854589203,1.147976745898642,654.78,8,-0.8660254037844385,-0.5000000000000004
701,2026-08-10,1,"Paradip, India","Qingdao, China",Iron Ore,43.26,655.08,98.1,96.1,5.1,2026-09-09 06:56:12.007816+00:00,,43.46,42.14,42.82,42.66428571428572,42.37857142857143,2.4331793819530154,1.0208115483026485,658.25,8,-0.8660254037844385,-0.5000000000000004
702,2026-08-11,1,"Paradip, India","Qingdao, China",Iron Ore,40.98,652.11,103.7,104.4,1.9,2026-09-09 06:56:12.007816+00:00,,43.26,40.64,41.6,42.71285714285714,42.33428571428572,2.3890284935212653,0.9932949240138961,655.08,8,-0.8660254037844385,-0.5000000000000004
703,2026-08-12,1,"Paradip, India","Qingdao, China",Iron Ore,41.99,648.53,97.7,104.8,4.6,2026-09-09 06:56:12.007816+00:00,,40.98,39.47,44.23,43.07285714285714,42.174285714285716,1.9724748776236378,0.9322518194416203,652.11,8,-0.8660254037844385,-0.5000000000000004
704,2026-08-13,1,"Paradip, India","Qingdao, China",Iron Ore,45.7,644.88,114.9,104.3,5.3,2026-09-09 06:56:12.007816+00:00,,41.99,44.45,45.87,43.25142857142857,42.162142857142854,2.165105298219961,1.1016298080891844,648.53,8,-0.8660254037844385,-0.5000000000000004
705,2026-08-14,1,"Paradip, India","Qingdao, China",Iron Ore,39.33,642.78,90.7,114.2,4.7,2026-09-09 06:56:12.007816+00:00,,45.7,46.42,40.68,42.23857142857143,42.06571428571429,2.0929518912404776,0.7942205959526624,644.88,8,-0.8660254037844385,-0.5000000000000004
706,2026-08-15,1,"Paradip, India","Qingdao, China",Iron Ore,44.15,644.78,105.2,91.0,4.2,2026-09-09 06:56:12.007816+00:00,,39.33,40.95,39.84,42.69571428571429,42.37357142857143,2.1139603996830028,1.1560438290061725,642.78,8,-0.8660254037844385,-0.5000000000000004
707,2026-08-16,1,"Paradip, India","Qingdao, China",Iron Ore,41.22,643.93,97.7,97.2,2.8,2026-09-09 06:56:12.007816+00:00,,44.15,43.46,40.29,42.37571428571429,42.440000000000005,2.1482462393220527,1.0051439295119413,644.78,8,-0.8660254037844385,-0.5000000000000004
708,2026-08-17,1,"Paradip, India","Qingdao, China",Iron Ore,37.79,643.8,93.6,112.7,1.2,2026-09-09 06:56:12.007816+00:00,,41.22,43.26,42.14,41.59428571428572,42.12928571428571,2.6975968140973587,0.8305234400600319,643.93,8,-0.8660254037844385,-0.5000000000000004
709,2026-08-18,1,"Paradip, India","Qingdao, China",Iron Ore,40.62,640.59,101.0,108.6,1.8,2026-09-09 06:56:12.007816+00:00,,37.79,40.98,40.64,41.542857142857144,42.12785714285714,2.714637571179034,0.9300183305692146,643.8,8,-0.8660254037844385,-0.5000000000000004
710,2026-08-19,1,"Paradip, India","Qingdao, China",Iron Ore,37.19,640.57,89.5,108.4,1.7,2026-09-09 06:56:12.007816+00:00,,40.62,41.99,39.47,40.857142857142854,41.964999999999996,3.153610176108803,0.8256456802909888,640.59,8,-0.8660254037844385,-0.5000000000000004
711,2026-08-20,1,"Paradip, India","Qingdao, China",Iron Ore,41.42,640.0,86.1,102.9,5.4,2026-09-09 06:56:12.007816+00:00,,37.19,45.7,44.45,40.24571428571428,41.74857142857143,2.377609844240343,0.8367346125622338,640.57,8,-0.8660254037844385,-0.5000000000000004
712,2026-08-21,1,"Paradip, India","Qingdao, China",Iron Ore,44.58,639.56,112.7,104.0,3.9,2026-09-09 06:56:12.007816+00:00,,41.42,39.33,46.42,40.99571428571429,41.61714285714286,2.826310062860827,1.083653741956371,640.0,8,-0.8660254037844385,-0.5000000000000004
713,2026-08-22,1,"Paradip, India","Qingdao, China",Iron Ore,41.26,640.38,88.5,104.8,4.1,2026-09-09 06:56:12.007816+00:00,,44.58,44.15,40.95,40.582857142857144,41.63928571428572,2.478418274395398,0.8444655682761862,639.56,8,-0.8660254037844385,-0.5000000000000004
714,2026-08-23,1,"Paradip, India","Qingdao, China",Iron Ore,40.42,636.62,93.1,102.0,2.7,2026-09-09 06:56:12.007816+00:00,,41.26,41.22,43.46,40.46857142857142,41.42214285714285,2.462535472309161,0.9127450085544109,640.38,8,-0.8660254037844385,-0.5000000000000004
715,2026-08-24,1,"Paradip, India","Qingdao, China",Iron Ore,44.31,635.82,112.7,107.1,4.2,2026-09-09 06:56:12.007816+00:00,,40.42,37.79,43.26,41.39999999999999,41.49714285714286,2.5130791206538556,1.052287483446547,636.62,8,-0.8660254037844385,-0.5000000000000004
716,2026-08-25,1,"Paradip, India","Qingdao, China",Iron Ore,44.5,637.65,106.3,85.9,2.0,2026-09-09 06:56:12.007816+00:00,,44.31,40.62,40.98,41.95428571428572,41.74857142857143,2.730823179573289,1.2374853041344231,635.82,8,-0.8660254037844385,-0.5000000000000004
717,2026-08-26,1,"Paradip, India","Qingdao, China",Iron Ore,43.57,640.76,111.5,113.8,4.1,2026-09-09 06:56:12.007816+00:00,,44.5,37.19,41.99,42.86571428571428,41.86142857142857,1.7720784138296952,0.9797890175932322,637.65,8,-0.8660254037844385,-0.5000000000000004
718,2026-08-27,1,"Paradip, India","Qingdao, China",Iron Ore,43.66,642.7,94.9,85.0,3.0,2026-09-09 06:56:12.007816+00:00,,43.57,41.42,45.7,43.18571428571429,41.715714285714284,1.6666119038619667,1.1164704568858286,640.76,8,-0.8660254037844385,-0.5000000000000004
719,2026-08-28,1,"Paradip, India","Qingdao, China",Iron Ore,45.94,646.33,112.8,100.9,5.2,2026-09-09 06:56:12.007816+00:00,,43.66,44.58,39.33,43.38,42.18785714285714,1.9167420275037301,1.1179384422261205,642.7,8,-0.8660254037844385,-0.5000000000000004
720,2026-08-29,1,"Paradip, India","Qingdao, China",Iron Ore,35.56,644.76,88.4,111.5,1.4,2026-09-09 06:56:12.007816+00:00,,45.94,41.26,44.15,42.56571428571429,41.574285714285715,3.5133073551040077,0.7928250410022385,646.33,8,-0.8660254037844385,-0.5000000000000004
721,2026-08-30,1,"Paradip, India","Qingdao, China",Iron Ore,42.53,647.37,107.5,102.6,2.8,2026-09-09 06:56:12.007816+00:00,,35.56,40.42,41.22,42.86714285714286,41.667857142857144,3.3867669651438574,1.0477581824797093,644.76,8,-0.8660254037844385,-0.5000000000000004
722,2026-08-31,1,"Paradip, India","Qingdao, China",Iron Ore,42.16,646.1,107.5,110.2,3.4,2026-09-09 06:56:12.007816+00:00,,42.53,44.31,37.79,42.56,41.980000000000004,3.3311409456820273,0.9754990040382029,647.37,8,-0.8660254037844385,-0.5000000000000004
723,2026-09-01,1,"Paradip, India","Qingdao, China",Iron Ore,41.32,647.32,86.6,100.7,5.4,2026-09-09 06:56:12.007816+00:00,,42.16,44.5,40.62,42.105714285714285,42.029999999999994,3.2380130591812106,0.8599800536266082,646.1,9,-1.0,-1.8369701987210297e-16
724,2026-09-02,1,"Paradip, India","Qingdao, China",Iron Ore,37.0,644.54,93.7,113.6,2.3,2026-09-09 06:56:12.007816+00:00,,41.32,43.57,37.19,41.167142857142856,42.01642857142856,3.666654761885406,0.8248238710542367,647.32,9,-1.0,-1.8369701987210297e-16
725,2026-09-03,1,"Paradip, India","Qingdao, China",Iron Ore,43.43,644.47,91.6,89.5,3.5,2026-09-09 06:56:12.007816+00:00,,37.0,43.66,41.42,41.13428571428572,42.160000000000004,3.6415374827255365,1.023463572797366,644.54,9,-1.0,-1.8369701987210297e-16
726,2026-09-04,1,"Paradip, India","Qingdao, China",Iron Ore,44.74,641.21,97.5,91.8,4.4,2026-09-09 06:56:12.007816+00:00,,43.43,45.94,44.58,40.962857142857146,42.17142857142857,3.3976791798996655,1.0620913875717444,644.47,9,-1.0,-1.8369701987210297e-16
727,2026-09-05,1,"Paradip, India","Qingdao, China",Iron Ore,46.72,637.96,99.5,85.7,5.3,2026-09-09 06:56:12.007816+00:00,,44.74,35.56,41.26,42.55714285714286,42.561428571428564,3.0393788525820837,1.1610267023306065,641.21,9,-1.0,-1.8369701987210297e-16
728,2026-09-06,1,"Paradip, India","Qingdao, China",Iron Ore,43.41,636.74,106.9,89.4,1.1,2026-09-09 06:56:12.007816+00:00,,46.72,42.53,40.42,42.68285714285714,42.775,3.0562216012897054,1.1957493069631646,637.96,9,-1.0,-1.8369701987210297e-16
729,2026-09-07,1,"Paradip, India","Qingdao, China",Iron Ore,44.66,633.52,103.3,96.4,4.2,2026-09-09 06:56:12.007816+00:00,,43.41,42.16,44.31,43.04,42.8,3.130117143707653,1.0715766523260732,636.74,9,-1.0,-1.8369701987210297e-16
730,2026-09-08,1,"Paradip, India","Qingdao, China",Iron Ore,39.34,630.52,93.5,103.6,2.8,2026-09-09 06:56:12.007816+00:00,,44.66,41.32,44.5,42.75714285714285,42.431428571428576,3.390116587403711,0.9025095653948296,633.52,9,-1.0,-1.8369701987210297e-16
